1,Liam
2,Noah
3,Oliver
4,James
5,Elijah
6,William
7,Henry
8,Lucas
9,Benjamin
10,Theodore
11,Mateo
12,Levi
13,Sebastian
14,Daniel
15,Jack
16,Michael
17,Alexander
18,Owen
19,Asher
20,Samuel
21,Ethan
22,Leo
23,Jackson
24,Mason
25,Ezra
26,John
27,Hudson
28,Luca
29,Aiden
30,Joseph
31,David
32,Jacob
33,Logan
34,Luke
35,Julian
36,Gabriel
37,Grayson
38,Wyatt
39,Matthew
40,Maverick
41,Dylan
42,Isaac
43,Elias
44,Anthony
45,Thomas
46,Jayden
47,Carter
48,Santiago
49,Ezekiel
50,Charles
51,Josiah
52,Caleb
53,Cooper
54,Lincoln
55,Miles
56,Christopher
57,Nathan
58,Isaiah
59,Kai
60,Joshua
61,Andrew
62,Angel
63,Adrian
64,Cameron
65,Nolan
66,Waylon
67,Jaxon
68,Roman
69,Eli
70,Wesley
71,Aaron
72,Ian
73,Christian
74,Ryan
75,Leonardo
76,Brooks
77,Axel
78,Walker
79,Jonathan
80,Easton
81,Everett
82,Weston
83,Bennett
84,Robert
85,Jameson
86,Landon
87,Silas
88,Jose
89,Beau
90,Micah
91,Colton
92,Jordan
93,Jeremiah
94,Parker
95,Greyson
96,Rowan
97,Adam
98,Nicholas
99,Theo
100,Xavier
101,Hunter
102,Dominic
103,Jace
104,Gael
105,River
106,Thiago
107,Kayden
108,Damian
109,August
110,Carson
111,Austin
112,Myles
113,Amir
114,Declan
115,Emmett
116,Ryder
117,Luka
118,Connor
119,Jaxson
120,Milo
121,Enzo
122,Giovanni
123,Vincent
124,Diego
125,Luis
126,Archer
127,Harrison
128,Kingston
129,Atlas
130,Jasper
131,Sawyer
132,Legend
133,Lorenzo
134,Evan
135,Jonah
136,Chase
137,Bryson
138,Adriel
139,Nathaniel
140,Arthur
141,Juan
142,George
143,Cole
144,Zion
145,Jason
146,Ashton
147,Carlos
148,Calvin
149,Brayden
150,Elliot
151,Rhett
152,Emiliano
153,Ace
154,Jayce
155,Graham
156,Max
157,Braxton
158,Leon
159,Ivan
160,Hayden
161,Jude
162,Malachi
163,Dean
164,Tyler
165,Jesus
166,Zachary
167,Kaiden
168,Elliott
169,Arlo
170,Emmanuel
171,Ayden
172,Bentley
173,Maxwell
174,Amari
175,Ryker
176,Finn
177,Antonio
178,Charlie
179,Maddox
180,Justin
181,Judah
182,Kevin
183,Dawson
184,Matteo
185,Miguel
186,Zayden
187,Camden
188,Messiah
189,Alan
190,Alex
191,Nicolas
192,Felix
193,Alejandro
194,Jesse
195,Beckett
196,Matias
197,Tucker
198,Emilio
199,Xander
200,Knox
201,Oscar
202,Beckham
203,Timothy
204,Abraham
205,Andres
206,Gavin
207,Brody
208,Barrett
209,Hayes
210,Jett
211,Brandon
212,Joel
213,Victor
214,Peter
215,Abel
216,Edward
217,Karter
218,Patrick
219,Richard
220,Grant
221,Avery
222,King
223,Caden
224,Adonis
225,Riley
226,Tristan
227,Kyrie
228,Blake
229,Eric
230,Griffin
231,Malakai
232,Rafael
233,Israel
234,Tate
235,Lukas
236,Nico
237,Marcus
238,Stetson
239,Javier
240,Colt
241,Omar
242,Simon
243,Kash
244,Remington
245,Jeremy
246,Louis
247,Mark
248,Lennox
249,Callum
250,Kairo
251,Nash
252,Kyler
253,Dallas
254,Crew
255,Preston
256,Paxton
257,Steven
258,Zane
259,Kaleb
260,Lane
261,Phoenix
262,Paul
263,Cash
264,Kenneth
265,Bryce
266,Ronan
267,Kaden
268,Maximiliano
269,Walter
270,Maximus
271,Emerson
272,Hendrix
273,Jax
274,Atticus
275,Zayn
276,Tobias
277,Cohen
278,Aziel
279,Kayson
280,Rory
281,Brady
282,Finley
283,Holden
284,Jorge
285,Malcolm
286,Clayton
287,Niko
288,Francisco
289,Josue
290,Brian
291,Bryan
292,Cade
293,Colin
294,Andre
295,Cayden
296,Aidan
297,Muhammad
298,Derek
299,Ali
300,Elian
301,Bodhi
302,Cody
303,Jensen
304,Damien
305,Martin
306,Cairo
307,Ellis
308,Khalil
309,Otto
310,Zander
311,Dante
312,Ismael
313,Angelo
314,Brantley
315,Manuel
316,Colson
317,Cruz
318,Tatum
319,Jaylen
320,Jaden
321,Erick
322,Cristian
323,Romeo
324,Milan
325,Reid
326,Cyrus
327,Leonel
328,Joaquin
329,Ari
330,Odin
331,Orion
332,Ezequiel
333,Gideon
334,Daxton
335,Warren
336,Casey
337,Anderson
338,Spencer
339,Karson
340,Eduardo
341,Chance
342,Fernando
343,Raymond
344,Bradley
345,Cesar
346,Wade
347,Prince
348,Julius
349,Dakota
350,Kade
351,Koa
352,Raiden
353,Callan
354,Hector
355,Onyx
356,Remy
357,Ricardo
358,Edwin
359,Stephen
360,Kane
361,Saint
362,Titus
363,Desmond
364,Killian
365,Sullivan
366,Mario
367,Jay
368,Kamari
369,Luciano
370,Royal
371,Zyaire
372,Marco
373,Wilder
374,Russell
375,Nasir
376,Rylan
377,Archie
378,Jared
379,Gianni
380,Kashton
381,Kobe
382,Sergio
383,Travis
384,Marshall
385,Iker
386,Briggs
387,Gunner
388,Apollo
389,Bowen
390,Baylor
391,Sage
392,Tyson
393,Kyle
394,Oakley
395,Malik
396,Mathias
397,Sean
398,Armani
399,Hugo
400,Johnny
401,Sterling
402,Forrest
403,Harvey
404,Banks
405,Grady
406,Kameron
407,Jake
408,Franklin
409,Lawson
410,Tanner
411,Eden
412,Jaziel
413,Pablo
414,Reed
415,Pedro
416,Zayne
417,Royce
418,Edgar
419,Ibrahim
420,Winston
421,Ronin
422,Leonidas
423,Devin
424,Damon
425,Noel
426,Rhys
427,Clark
428,Corbin
429,Sonny
430,Colter
431,Esteban
432,Erik
433,Baker
434,Adan
435,Dariel
436,Kylo
437,Tripp
438,Caiden
439,Frank
440,Solomon
441,Major
442,Memphis
443,Quinn
444,Dax
445,Hank
446,Donovan
447,Finnegan
448,Nehemiah
449,Andy
450,Camilo
451,Asa
452,Jeffrey
453,Santino
454,Isaias
455,Jaiden
456,Kian
457,Fabian
458,Callen
459,Ruben
460,Alexis
461,Emanuel
462,Francis
463,Garrett
464,Kendrick
465,Matthias
466,Wells
467,Augustus
468,Jasiah
469,Alijah
470,Alonzo
471,Koda
472,Collin
473,Ford
474,Frederick
475,Jaxton
476,Kohen
477,Troy
478,Kason
479,Seth
480,Denver
481,Kyson
482,Ares
483,Raphael
484,Bodie
485,Sylas
486,Uriel
487,Zaiden
488,Shiloh
489,Lewis
490,Kieran
491,Marcos
492,Bo
493,Shepherd
494,Philip
495,Zaire
496,Gregory
497,Princeton
498,Roberto
499,Leland
500,Eithan
501,Moshe
502,Johnathan
503,Lucca
504,Kenzo
505,Mack
506,Porter
507,Kolton
508,Kaison
509,Valentino
510,Saul
511,Shane
512,Jamari
513,Rocco
514,Kylan
515,Deacon
516,Dalton
517,Moses
518,Callahan
519,Tadeo
520,Makai
521,Amiri
522,Rowen
523,Drew
524,Jalen
525,Kylian
526,Sutton
527,Dominick
528,Reece
529,Rodrigo
530,Soren
531,Kasen
532,Ridge
533,Zachariah
534,Jamir
535,Peyton
536,Omari
537,Trevor
538,Morgan
539,Izaiah
540,Alessandro
541,Kaysen
542,Enrique
543,Marcelo
544,Sincere
545,Lucian
546,Leandro
547,Armando
548,Braylen
549,Jayson
550,Julio
551,Lawrence
552,Cassius
553,Raul
554,Jase
555,Mohammad
556,Zain
557,Jayceon
558,Jonas
559,Ronald
560,Ayaan
561,Rio
562,Allen
563,Bruce
564,Mohamed
565,Dorian
566,Maximilian
567,Keegan
568,Shawn
569,Yusuf
570,Pierce
571,Ariel
572,Ander
573,Conor
574,Conrad
575,Phillip
576,Arjun
577,Roy
578,Moises
579,Arturo
580,Johan
581,Gerardo
582,Atreus
583,Nikolai
584,Braylon
585,Samson
586,Hezekiah
587,Kayce
588,Scott
589,Gunnar
590,Jamison
591,Samir
592,Keanu
593,Ledger
594,Jaime
595,Finnley
596,Cannon
597,Colby
598,Nikolas
599,Emmitt
600,Kamden
601,Miller
602,Boone
603,Hamza
604,Ocean
605,Mac
606,Anakin
607,Brixton
608,Roland
609,Huxley
610,Zeke
611,Danny
612,Marvin
613,Otis
614,Albert
615,Clay
616,Emir
617,Boston
618,Bruno
619,Lionel
620,Ozzy
621,Taylor
622,Jamie
623,Augustine
624,Chaim
625,Krew
626,Rayan
627,Alden
628,Bellamy
629,Amos
630,Drake
631,Davis
632,Dustin
633,Corey
634,Ahmad
635,Conner
636,Gustavo
637,Layton
638,Abram
639,Axton
640,Chandler
641,Azariah
642,Reese
643,Benson
644,Tru
645,Case
646,Trey
647,Mauricio
648,Westin
649,Gage
650,Reign
651,Creed
652,Mylo
653,Dennis
654,Quentin
655,Madden
656,Rome
657,Julien
658,Sam
659,Zaid
660,Marcel
661,Maximo
662,Layne
663,Ahmed
664,Kannon
665,Quincy
666,Yosef
667,Aarav
668,Lennon
669,Ryland
670,Skyler
671,Chris
672,Eliam
673,Kareem
674,Kyree
675,Dario
676,Donald
677,Fletcher
678,Darius
679,Duke
680,Rayden
681,Salem
682,Vicente
683,Vincenzo
684,Cayson
685,Eliseo
686,Issac
687,Lian
688,Clyde
689,Wilson
690,Santana
691,Tomas
692,Dexter
693,Keith
694,Houston
695,Harry
696,Uriah
697,Lee
698,Rex
699,Tony
700,Carmelo
701,Alberto
702,Loyal
703,Trace
704,Alfredo
705,Riggs
706,Forest
707,Raylan
708,Salvador
709,Jakari
710,Zakai
711,Louie
712,Flynn
713,Leonard
714,Mohammed
715,Derrick
716,Musa
717,Avi
718,Ty
719,Westley
720,Ambrose
721,Brycen
722,Aron
723,Caspian
724,Gatlin
725,Harlan
726,Dillon
727,Emery
728,Nixon
729,Tommy
730,Watson
731,Zayd
732,Azrael
733,Zyair
734,Azriel
735,Legacy
736,Cillian
737,Alvin
738,Bridger
739,Alec
740,Edison
741,Kingsley
742,Remi
743,Briar
744,Jaxxon
745,Truett
746,Lachlan
747,Cal
748,Landen
749,Roger
750,Alonso
751,Kaiser
752,Blaze
753,Jerry
754,Seven
755,Kenji
756,Noe
757,Quinton
758,Grey
759,Jefferson
760,Marcellus
761,Ray
762,Kyro
763,Benicio
764,Justice
765,Neil
766,Idris
767,Bear
768,Kiaan
769,Wayne
770,Ben
771,Junior
772,Karim
773,Yehuda
774,Jimmy
775,Ramon
776,Bjorn
777,Nathanael
778,Stanley
779,Hassan
780,Magnus
781,Trenton
782,Brayan
783,Brock
784,Jagger
785,Cason
786,Dakari
787,Rey
788,Abdiel
789,Abdullah
790,Casen
791,Jiraiya
792,Lance
793,Misael
794,Alvaro
795,Robin
796,Langston
797,Nelson
798,Wes
799,Khari
800,Landyn
801,Jakai
802,Lochlan
803,Valentin
804,Keaton
805,Amias
806,Joziah
807,Thaddeus
808,Jedidiah
809,Orlando
810,Eliel
811,Hugh
812,Koen
813,Calum
814,Enoch
815,Mitchell
816,Rohan
817,Aryan
818,Dilan
819,Aden
820,Allan
821,Leighton
822,Elisha
823,Evander
824,Castiel
825,Curtis
826,Kellen
827,Dash
828,Douglas
829,Eddie
830,Melvin
831,Avyaan
832,Everest
833,Zamir
834,Ricky
835,Dutton
836,Yahir
837,Devon
838,Franco
839,Khaza
840,Dior
841,Leif
842,Sevyn
843,Guillermo
844,Ira
845,Emory
846,Felipe
847,Titan
848,Alfred
849,Azael
850,Zahir
851,Kellan
852,Darren
853,Rudy
854,Ayan
855,Leroy
856,Anders
857,Ishaan
858,Reuben
859,Boden
860,Mccoy
861,Heath
862,Kase
863,Wylder
864,Judson
865,Khai
866,Kye
867,Axl
868,Crue
869,Ernesto
870,Ahmir
871,Zyon
872,Aries
873,Mustafa
874,Santos
875,Dane
876,Damari
877,Elio
878,Jadiel
879,Jovanni
880,Salvatore
881,Mathew
882,Kolson
883,Nova
884,Brendan
885,Murphy
886,Brodie
887,Damir
888,Rocky
889,Larry
890,Fisher
891,Waylen
892,Byron
893,Ermias
894,Joey
895,Joe
896,Jon
897,Arian
898,Chosen
899,Jairo
900,Vihaan
901,Kylen
902,Ameer
903,Dion
904,Jrue
905,Kaizen
906,Yousef
907,Bryant
908,Cullen
909,Kaisen
910,Kelvin
911,Zen
912,Kartier
913,Randy
914,Shepard
915,Alaric
916,Cain
917,Jeremias
918,Alfonso
919,Brecken
920,Colten
921,Gian
922,Rhodes
923,Wesson
924,Duncan
925,Harold
926,Henrik
927,Harley
928,Alistair
929,Agustin
930,Jericho
931,Talon
932,Westyn
933,Cassian
934,Eugene
935,Ryatt
936,Shmuel
937,Braden
938,Yahya
939,Aldo
940,Dangelo
941,Ezrah
942,Korbin
943,Zavier
944,Bronson
945,Teo
946,Jones
947,Neo
948,Stefan
949,Van
950,Mekhi
951,Coleson
952,Eren
953,Ignacio
954,Kristian
955,Harlem
956,Zev
957,Canaan
958,Cedric
959,Khalid
960,Bode
961,Gary
962,Rene
963,Benedict
964,Maxton
965,Thatcher
966,Wallace
967,Davian
968,Gordon
969,Niklaus
970,Yisroel
971,Kabir
972,Osman
973,Adler
974,Darian
975,Terry
976,Cartier
977,Osiris
978,Vance
979,Demetrius
980,Kamryn
981,Lux
982,Stone
983,Jaxx
984,Kooper
985,Rodney
986,Aurelio
987,Darwin
988,Jakob
989,Zechariah
990,Brennan
991,Marlon
992,Meir
993,Yael
994,Asaiah
995,Atharv
996,Imran
997,Ivaan
998,Kanan
999,Kalel
1000,London
1,Olivia
2,Emma
3,Charlotte
4,Amelia
5,Sophia
6,Isabella
7,Ava
8,Mia
9,Evelyn
10,Luna
11,Harper
12,Camila
13,Sofia
14,Scarlett
15,Elizabeth
16,Eleanor
17,Emily
18,Chloe
19,Mila
20,Violet
21,Penelope
22,Gianna
23,Aria
24,Abigail
25,Ella
26,Avery
27,Hazel
28,Nora
29,Layla
30,Lily
31,Aurora
32,Nova
33,Ellie
34,Madison
35,Grace
36,Isla
37,Willow
38,Zoe
39,Riley
40,Stella
41,Eliana
42,Ivy
43,Victoria
44,Emilia
45,Zoey
46,Naomi
47,Hannah
48,Lucy
49,Elena
50,Lillian
51,Maya
52,Leah
53,Paisley
54,Addison
55,Natalie
56,Valentina
57,Everly
58,Delilah
59,Leilani
60,Madelyn
61,Kinsley
62,Ruby
63,Sophie
64,Alice
65,Genesis
66,Claire
67,Audrey
68,Sadie
69,Aaliyah
70,Josephine
71,Autumn
72,Brooklyn
73,Quinn
74,Kennedy
75,Cora
76,Savannah
77,Caroline
78,Athena
79,Natalia
80,Hailey
81,Aubrey
82,Emery
83,Anna
84,Iris
85,Bella
86,Eloise
87,Skylar
88,Jade
89,Gabriella
90,Ariana
91,Maria
92,Adeline
93,Lydia
94,Sarah
95,Nevaeh
96,Serenity
97,Liliana
98,Ayla
99,Everleigh
100,Raelynn
101,Allison
102,Madeline
103,Vivian
104,Maeve
105,Lyla
106,Samantha
107,Rylee
108,Eva
109,Melody
110,Clara
111,Hadley
112,Julia
113,Piper
114,Juniper
115,Parker
116,Brielle
117,Eden
118,Remi
119,Josie
120,Rose
121,Arya
122,Eliza
123,Charlie
124,Peyton
125,Daisy
126,Lucia
127,Millie
128,Margaret
129,Freya
130,Melanie
131,Elliana
132,Adalynn
133,Alina
134,Emersyn
135,Sienna
136,Mary
137,Isabelle
138,Alaia
139,Esther
140,Sloane
141,Mackenzie
142,Amara
143,Ximena
144,Sage
145,Cecilia
146,Valeria
147,Reagan
148,Valerie
149,Catalina
150,River
151,Magnolia
152,Kehlani
153,Summer
154,Ashley
155,Andrea
156,Isabel
157,Oakley
158,Olive
159,Oaklynn
160,Ember
161,Kaylee
162,Georgia
163,Juliette
164,Anastasia
165,Genevieve
166,Katherine
167,Blakely
168,Reese
169,Amaya
170,Emerson
171,Brianna
172,June
173,Alani
174,Lainey
175,Arianna
176,Rosalie
177,Sara
178,Jasmine
179,Ruth
180,Adalyn
181,Ada
182,Bailey
183,Ariella
184,Wren
185,Myla
186,Khloe
187,Callie
188,Elsie
189,Alexandra
190,Ryleigh
191,Faith
192,Norah
193,Margot
194,Zuri
195,Journee
196,Aspen
197,Gemma
198,Kylie
199,Molly
200,Blake
201,Zara
202,Alaina
203,Alana
204,Brynlee
205,Amy
206,Annie
207,Saylor
208,Ana
209,Amira
210,Kimberly
211,Noelle
212,Kamila
213,Morgan
214,Phoebe
215,Harmony
216,Sutton
217,Taylor
218,Finley
219,Lilah
220,Juliana
221,Lila
222,Londyn
223,Kailani
224,Vera
225,Kaia
226,Angela
227,Hallie
228,Diana
229,Lennon
230,Presley
231,Arabella
232,Aliyah
233,Lilly
234,Milani
235,Jordyn
236,Camille
237,Ariel
238,Aubree
239,Selena
240,Sawyer
241,Nyla
242,Delaney
243,Mariana
244,Rachel
245,Adaline
246,Leila
247,Collins
248,Lia
249,Octavia
250,Kali
251,Lena
252,Kiara
253,Kaylani
254,Elaina
255,Daniela
256,Leia
257,Gracie
258,Dakota
259,Elise
260,Hope
261,Harlow
262,Lola
263,Stevie
264,Malia
265,Miriam
266,Alora
267,Gia
268,Evangeline
269,Brooke
270,Lilith
271,Sydney
272,Ophelia
273,Alayna
274,Tatum
275,Evie
276,Rowan
277,Marley
278,Daphne
279,Kayla
280,Dahlia
281,Lucille
282,Blair
283,Adelaide
284,Wrenley
285,Haven
286,Teagan
287,Adelyn
288,Alyssa
289,Payton
290,Jane
291,Mckenna
292,Celeste
293,Juliet
294,Palmer
295,Maggie
296,Rebecca
297,London
298,Noa
299,Samara
300,Thea
301,Kendall
302,Mya
303,Talia
304,Winter
305,Angelina
306,Vivienne
307,Esme
308,Laila
309,Nina
310,Trinity
311,Vanessa
312,Mabel
313,Camilla
314,Jocelyn
315,Journey
316,Paige
317,Phoenix
318,Amina
319,Alivia
320,Amari
321,Joanna
322,Nicole
323,Annabelle
324,Raegan
325,Aitana
326,Julianna
327,Lauren
328,Catherine
329,Adriana
330,Madilyn
331,Harley
332,Tessa
333,Evelynn
334,Elianna
335,Rory
336,Dream
337,Nayeli
338,Poppy
339,Gabriela
340,Jayla
341,Cataleya
342,Celine
343,Hayden
344,Shiloh
345,Mariah
346,Charlee
347,Maisie
348,Regina
349,Adelynn
350,Briella
351,Giselle
352,Fatima
353,Danna
354,Alessia
355,Mckenzie
356,Wynter
357,Fiona
358,Brooklynn
359,Gracelynn
360,Luciana
361,Alexis
362,Everlee
363,Laura
364,Selah
365,Reign
366,Alayah
367,Rosemary
368,Lilliana
369,Ariyah
370,Heidi
371,Esmeralda
372,Logan
373,Amora
374,Kalani
375,Leighton
376,Cali
377,Melissa
378,Aniyah
379,Izabella
380,Michelle
381,Raelyn
382,Alessandra
383,Viviana
384,Madeleine
385,Arielle
386,Serena
387,Francesca
388,Brynn
389,Gwendolyn
390,Kira
391,Destiny
392,Elle
393,Makayla
394,Alaya
395,Malani
396,Willa
397,Saige
398,Makenna
399,Remington
400,Demi
401,Adelina
402,Raya
403,Astrid
404,Azalea
405,Veronica
406,Meadow
407,Anaya
408,Elisa
409,Raven
410,Alexandria
411,Hattie
412,Alicia
413,Sabrina
414,Gracelyn
415,Matilda
416,Skye
417,Annalise
418,Frances
419,Miracle
420,Maia
421,Helen
422,Lana
423,Daleyza
424,Rosie
425,Charli
426,Bianca
427,Royalty
428,Sarai
429,Amiyah
430,Nylah
431,Aylin
432,Maryam
433,Scarlet
434,Antonella
435,Sylvia
436,Sylvie
437,Nadia
438,Ari
439,Lexi
440,Mylah
441,Julieta
442,Lorelei
443,Avianna
444,Armani
445,Camryn
446,Emely
447,Rylie
448,Colette
449,Daniella
450,Liana
451,Brinley
452,Kate
453,Salem
454,Marlee
455,Alison
456,Carmen
457,Felicity
458,Fernanda
459,Holly
460,Ariah
461,Aisha
462,Kora
463,Amanda
464,Ailani
465,Elaine
466,Emory
467,Joy
468,Oaklee
469,Lyric
470,Madelynn
471,Haisley
472,Allie
473,Helena
474,Danielle
475,Katalina
476,Carolina
477,Zariah
478,Navy
479,Cassidy
480,Lorelai
481,Stephanie
482,Alma
483,Mira
484,Legacy
485,Jolene
486,Anya
487,Dorothy
488,Paris
489,Yaretzi
490,Aurelia
491,Maddison
492,Renata
493,Jimena
494,Xiomara
495,Itzel
496,Heaven
497,Lyra
498,Estella
499,Gabrielle
500,Maren
501,Jacqueline
502,Jennifer
503,Imani
504,Jordan
505,Paislee
506,Ainsley
507,Emmy
508,Jessica
509,Alondra
510,Mae
511,Makenzie
512,Bristol
513,Edith
514,Cameron
515,Elora
516,Jazlyn
517,Averie
518,Ivory
519,Kenzie
520,Emelia
521,Angel
522,Cecelia
523,Maliyah
524,Oakleigh
525,Opal
526,Oaklyn
527,Kinley
528,Kayleigh
529,Bonnie
530,April
531,Kamryn
532,Mallory
533,Briar
534,Leona
535,Keira
536,Alexa
537,Macie
538,Ariya
539,Briana
540,Virginia
541,Skyler
542,Amber
543,Hanna
544,Monroe
545,Frankie
546,Miranda
547,Dayana
548,Charleigh
549,Meredith
550,Carter
551,Sierra
552,Sunny
553,Indie
554,Eve
555,Beatrice
556,Nalani
557,Kyla
558,Clementine
559,Katie
560,Kennedi
561,Myra
562,Blaire
563,Davina
564,Faye
565,Anahi
566,Madilynn
567,Alejandra
568,Alanna
569,Ivanna
570,Mariam
571,Yara
572,Anne
573,Addilyn
574,Braelynn
575,Lilian
576,Dylan
577,Amirah
578,Lina
579,Reyna
580,Amalia
581,Amani
582,Ryan
583,Calliope
584,Isabela
585,Michaela
586,Abby
587,Alia
588,Emerie
589,Lylah
590,Holland
591,Sevyn
592,Winnie
593,Leyla
594,Shelby
595,Rosalia
596,Zariyah
597,Rhea
598,Emberly
599,Marie
600,Nia
601,Remy
602,Chaya
603,Haley
604,Kaliyah
605,Rosa
606,Zahra
607,Jayleen
608,Karsyn
609,Malaysia
610,Jaliyah
611,Mina
612,Kensley
613,Lennox
614,Maxine
615,Hadassah
616,Mikayla
617,Margo
618,Noah
619,Azariah
620,Mara
621,Eileen
622,Florence
623,Melany
624,Reina
625,Journi
626,Amaia
627,Kaitlyn
628,Elliott
629,Kelsey
630,Nola
631,Gloria
632,Keilani
633,Freyja
634,Arleth
635,Jenna
636,Sloan
637,Analia
638,Louise
639,Melina
640,Sasha
641,Dior
642,Thalia
643,Noemi
644,Maci
645,Dallas
646,Marina
647,Aliana
648,Ezra
649,Adley
650,Cassandra
651,Aleena
652,Leslie
653,Capri
654,Mckinley
655,Angelica
656,Romina
657,Della
658,Kathryn
659,Kyra
660,Milan
661,Tiana
662,Khaleesi
663,Nellie
664,Cleo
665,Murphy
666,Bethany
667,Irene
668,Ellianna
669,Zelda
670,Aleah
671,Janelle
672,Yareli
673,Adalee
674,Dani
675,Marceline
676,Coraline
677,Estrella
678,Ila
679,Iyla
680,Mavis
681,Kenna
682,Vienna
683,Zendaya
684,Cheyenne
685,Erin
686,Karla
687,Mikaela
688,Jazmin
689,Persephone
690,Elodie
691,Selene
692,Chelsea
693,Scout
694,Theodora
695,Lara
696,Marilyn
697,Novah
698,Ellis
699,Charley
700,Jemma
701,Amayah
702,Karina
703,Kendra
704,Miley
705,Laney
706,Laurel
707,Leilany
708,Halle
709,Jenesis
710,Malaya
711,Marleigh
712,Wrenlee
713,Zaylee
714,Fallon
715,Julie
716,Priscilla
717,Bellamy
718,Adrianna
719,Angie
720,Siena
721,Aileen
722,Macy
723,Estelle
724,Hana
725,Martha
726,Flora
727,Kylee
728,Liv
729,Megan
730,Sariyah
731,Galilea
732,Penny
733,Jovie
734,Jamie
735,Amoura
736,Emmie
737,Henley
738,Sky
739,Christina
740,Violeta
741,Arlet
742,Belen
743,Aviana
744,Kori
745,Monica
746,Savanna
747,Naya
748,Alena
749,Aya
750,Waverly
751,Brynleigh
752,Aliza
753,Kiana
754,Love
755,Clover
756,Pearl
757,Skyla
758,Bria
759,Ocean
760,Alisson
761,Treasure
762,Lillie
763,Jaylani
764,Liberty
765,Rayna
766,Milana
767,Zaria
768,Emerald
769,Halo
770,Taytum
771,Andi
772,Milena
773,Noor
774,Kataleya
775,Kimber
776,Carly
777,Jream
778,Samira
779,Ashlyn
780,Hunter
781,Marlowe
782,Promise
783,Joelle
784,Dulce
785,Lea
786,Ashlynn
787,Zoya
788,Elliot
789,Jolie
790,Kai
791,Bridget
792,Johanna
793,Paulina
794,Ramona
795,Aila
796,Jessie
797,Mercy
798,Rayne
799,Rivka
800,Arlette
801,Paula
802,Valery
803,Birdie
804,Nala
805,Kelly
806,Kinslee
807,Linda
808,Madisyn
809,Aspyn
810,Baylor
811,Chana
812,Zaniyah
813,Goldie
814,Marianna
815,Novalee
816,Loretta
817,Elyse
818,Stormi
819,Adele
820,Berkley
821,Anika
822,Marisol
823,Kassidy
824,Roselyn
825,Louisa
826,Alexia
827,Dalia
828,Ensley
829,Hayley
830,Jayda
831,Harmoni
832,Jada
833,Marigold
834,Zayla
835,Ayleen
836,Natasha
837,Sol
838,Annika
839,Malayah
840,Drew
841,Anais
842,Angelique
843,Zhuri
844,Aliya
845,Azaria
846,Zora
847,Allyson
848,Brittany
849,Kamiyah
850,Gwen
851,Vada
852,Giuliana
853,Elina
854,Hadlee
855,Itzayana
856,Jianna
857,Cadence
858,Greta
859,Lilianna
860,Denver
861,Robin
862,August
863,Jazmine
864,Royal
865,Braelyn
866,Celia
867,Yamileth
868,Avayah
869,Baylee
870,Iliana
871,Teresa
872,Amelie
873,Judith
874,Kara
875,Lacey
876,Amiri
877,Elowyn
878,Georgina
879,Justice
880,Emmalyn
881,Harlee
882,Kamari
883,Kaydence
884,Khalani
885,Luisa
886,Whitley
887,Bailee
888,Cynthia
889,Karter
890,Livia
891,Aubrie
892,Veda
893,Janiyah
894,Salma
895,Araya
896,Aubrielle
897,Bexley
898,Giana
899,Keyla
900,Katelyn
901,Saoirse
902,Sariah
903,Araceli
904,Artemis
905,Averi
906,Yasmin
907,Kaiya
908,Emberlynn
909,Amaris
910,Sapphire
911,Kallie
912,Shay
913,Guinevere
914,Lilyana
915,Magdalena
916,Tinsley
917,Zainab
918,Deborah
919,Kenia
920,Laylah
921,Layne
922,Scottie
923,Carla
924,Chandler
925,Rosalina
926,Kairi
927,Lauryn
928,Nyomi
929,Raina
930,Aubriella
931,Elia
932,Lenora
933,Lisa
934,Nori
935,Tiffany
936,Giovanna
937,Jaylah
938,Rosalyn
939,Chanel
940,Maddie
941,Avah
942,Leanna
943,Luz
944,Addilynn
945,Brylee
946,Casey
947,Laylani
948,Tru
949,Billie
950,Lottie
951,Alianna
952,Meilani
953,Lexie
954,Nathalia
955,Avalynn
956,Julissa
957,Paloma
958,Rosalee
959,Rebekah
960,Simone
961,Egypt
962,Scarlette
963,Sarahi
964,Alaiya
965,Hadleigh
966,Inaya
967,Keily
968,Lakelynn
969,Nyra
970,Princess
971,Rowyn
972,Vida
973,Elisabeth
974,India
975,Ryann
976,Barbara
977,Belle
978,Saanvi
979,Xyla
980,Winona
981,Aadhya
982,Indigo
983,Lakelyn
984,Paola
985,Emmeline
986,Joyce
987,Kamilah
988,Maisy
989,Rylan
990,Soleil
991,Ainhoa
992,Maleah
993,Neriah
994,Elsa
995,Emiliana
996,Luella
997,Nancy
998,Cielo
999,Madalyn
1000,Kahlani
