Wesley_05_02_,fgGMjNWwlYSObhv99+Uc4ZsOn2lKqD8XKI0MX0jYx6E=,NCDZHA7th3U9HZs0hlHpYg==
Conrad1.9.8.3,j4ZhAXeSjWaj+5JTuQZVmtw/VOBHiVouQ+Arc/h7imk=,6sCVXHq+biEUN6q0aAXw9w==
Azael3500428,hxuEBZM0Qg778WmIGlXOTTo1RG4x28zpFS/ct+KBcEg=,D6ntFFDasVZetx6UEqAEVg==
Imran_314_54,MU2RaRbBnjfQ7uJe4MKj26aRsYkNGBdCJ1/TQmD96eY=,jTPWSpoDrYcqWsKqIW8+GA==
Anthony4_2_63.,v/5J1LaYDhsJGKBCHPqnhRXASY25DGcJjD+9aa9alqE=,GktmMzr2nvbMEEd0ticHrw==
Koa677.94_,ZgChB9oy1+xZ1Xa11uuZ7/O1PIOy8frfu6GA7eAg9t8=,NKCx7e+e1s+PToEHu8CPJw==
Dilan722860.,ItuzUlXqiYvkwPWrcbMpwguX48hNH2TP742gQ0N8ldo=,68AjOfBpVmZrs5MQ8pPOpg==
Miller.976100,9oBPVG2CpxH+DMul6oFx6QP3jToSQDvyFve3wBwwu2U=,wAyCCAySSH6DyQFq6pc6Rw==
Kamryn_041563,cgmJzr6csVS1OkT2AtJjE8qae1gF4bWxvvuCSMIylRM=,BbgDxIeZ08QYb44tuRq4Yg==
Adan536791.,EgNa72AyB0rnLJLqA8X1RuYKOSQiCMFW9WPFWoqDQ6A=,g0iO2iaY4KlLku4F1s39Bg==
Henrik970.05.,CeOmIaPUdyrl45KoTUwhb3tMjcdrtZNlvugMNPL78zs=,6VpZfveNfV2aydeEnZ1UNg==
Gregory84_8102,UXBqyGZFrwVD7rl/U/Wx081JVamJvbokbFIxMH8AKq0=,IRLpGrz35SF/KGutfws3pg==
Leonel9.9_009,1zTDFnrZbE710xNU0kcFrOjLbw0n2Iypp/q9H6e7mLw=,+1Emi/h3fjW1Bf6VwdXzgw==
Jonathan.32_314,D7HpSebx2xZMtzK7DyUwp5NN2tOX6Mm+mdSzwwEwSMk=,k9wy8ozQW2kiaepV+0mvUw==
Bellamy1466872,/r+Fpq+aOpnDtJJ0sXcyuvJJ2sI0UAl9MAa+KK8SrhA=,PbcZRWE49rydTecQgWwD5w==
Azrael86.4.31,rmRhlVzt32nZpL5op/7jsYCTefIj3lIyGqHXUsiHAps=,wknHgZVU3Vx9vf6iP9I4tg==
Cameron0334109,msn4JReFhGFQCDtvYX/MIOfd8bKYVTEpgO2+AbzMl6g=,lHUs1Oi81vXeaueZRCJoOg==
Christopher187.505,uXI/7XYyOTnqpQHqG/7HXmV5f7c/5hEW+Mt+i++SsOY=,d8Yu9ziZEHaSFZ5fOPcI6g==
Aron0683266,Iz/DUVzu1EPc+a++eFpecDJRJfrY1lcE18MtXv4z0sc=,dWct20nJTSnpMhia41+tLg==
Emiliano038.275,lxyJbf+2S8o4OWDVHHGl8EBeFf3tLjUd0DRIQbr/J2o=,4WrRDB59UbjPkOIRz595ZQ==
Cayson635__22,cpdfgmeSECQcbFM2zNrYbDE/UoyMxhp5QaWqdXlD6fM=,V/W3/MePZ1PBI9xt5Rkt0w==
Gustavo0696193,WzvZ1Kf51R/mp9cK+aPpqvlL3vj+dYG6xTVUgttWjpg=,PEQw7yOCzTqz9C6ZFDcgSw==
Augustus6850187,OkJl578kY2pMxJPdsCkNVXp0h/GgTUYGzjBImEfa/JU=,gjIrC5n6WNMWQKa/48ykxg==
Aiden6690_17,SHbXAhF8mS+Z5uPIL4/pTzr4JVypRPTc4ulLMSvWL1M=,GsX8HrfPKeXuL5rnUh1WJw==
Victor0668361,Bmz1LKc+6KN5MIz+JOptghbmPIe8xVVulWbkPAG1M60=,U5EvE6CxDb8zUNpYv8tyqg==
Daxton7791644,q17fAm+eJXG0j7rY9fDMbO/R+yc4VyB+akcdLKidNpU=,7R5Kw8VlpuOx/jFBFgXRdA==
Xavier.0916__,iHwxb1kGwJFTHomQmVmoVSOcRCh5jAZJwUPo1E9mtBk=,ubt8KpnUrK9tbks2ZATxdg==
Carlos_691975,oBGR3avA6HBMET09LvWKhrCipzBNWkACgMSNBtOLuWk=,VvotgHpH5esIXMAe7x3BzQ==
Kayden665..37,rU62Vx/5UZR3R9YKbMbQrl9CxlWf9j5xewzZw7o79ow=,HGiXy/2OQc4hUe1CvAKidw==
Cade36_._03,SrIsAnNdbK+nU8BdTaSwY6Hu9I09HkpJ09/lDE2M4Ws=,N0P2JwIaj53C9QqJ8jx8dA==
Atticus3056124,ucUOOmoZpNDKwCFfx61+h8NjOPUs5u+KFrC3EX9Srnw=,zKe2OlVLVaDR5gDZiLdLEw==
Matthew37_1161,LtWjq9fZsduK20/Rb1FyMsTKI2znpMmHvm23PFPj6aQ=,pXNhBwBayrM6zfmpIfTZzA==
Colter22181.2,RLyks+AAY4+y0fEJVrKeSPsJqgTeNyqK9nr9jxuaunA=,UOsd1QXxJ9MGhgSvZ06XtA==
Deacon9817731,mfnEnxanffg41Rs3At0cTA9o8JIZGJdXCwn7roQqRUw=,NTUw+XKcr1SuiOUl4ECePw==
Evan38_7431,Jhenk2g9gpBlJdEqaQsR/OkG9aWT8K7H7ksJOyLc90Y=,+MU/lmkgXlbIXjAiaaRAgA==
Ernesto033_831,BYjwBgTLeeqgOgwG30L/Wkn27AdAH+mV9AaBeqBq46Y=,oLlsMl+YZTs/BAsYTO/7Og==
August0794037,Dz/+qVJ/rXHu1rA1A+u/lbaMeXqNTYoOHv7lnkJjfaw=,oUJH9nWec8dabvqeCLEjLA==
Grey38412..,eqLklS+2V7gHbdueX6DIP6DEOTiKaaYeRTEJ3l1wAlQ=,uMtyz18W2K84K2W+vkve/A==
Ruben8402362,sOMupSIlR9WC/JF9xo4me4edYENLMKDteieeTeCufU4=,5cJgnDkd882+/ycS6NyA/Q==
Odin15.3517,h224jNor+zJm3ar2ucEVhcaWfBBpeex3HJSeZz1ZkIc=,nqmJqusJDy1O5iDwdcF8wQ==
Zakai6955361,zjn1gvAgBFrZvvmmF1jRfL4R3NRSHI8F8jhM5GrwFJU=,ZUyjffCKhyuR7bwd7CJmWA==
Wesson450670_,um21XPnIbsWEh6xpIrRw2bIhQIG4FlgBnBg0xbc9EoE=,mBLXDMxByAjaEh3QpiuGOA==
Lincoln_667890,qDQB0CLPNmWZQZ01MxcLRAyj70NOLqom8X+V16nVx34=,lBSE9tkR2KJNnK4f15EFOA==
Alistair926712_,VQGp51RbS/ULz6ZpK6BEEY45EycF5tfR5DyclJyEHhs=,T1qxd685jM+vk28jh1j5Yg==
Amos.0.667_,DlejYOdfvVHnECRqK3qitWibQC125uSiX0l9hQc4Xm0=,Y0XC0D83jSPBuIaQ1/N9ew==
Ronin3142.87,O0++AKc6uthA5LwzDJFPU7yvC7MYaE/ALVr8ISOLCMM=,ZcMoz9dBDHwN5kVZmTcj4A==
Wade317.875,0SL5qv2jr1um6inpLO88BeAytZUhDjeFy1RMSqVBZF4=,i8PlLKWJOSPZ9SoVMAXZNA==
Matteo86.7480,vA5uDvPZwEK1gu+b6fRvV5c1KaYj4aRMABwC8AEj8Ow=,n24IwlkaZGoeEoj0jwKdSA==
Kenji1015701,67/MV1OolaxoYZ4K+aW4RdC/N4deqF9KdIWEQdqsgBY=,q4meCvriRt/j01D+RC/HEQ==
Kaizen4455910,J24G2zp1XUDogYS7jORipgETwDzDDSQYXo3UZlr6Wmg=,IFpKSOwq/mkC8+sy0D+6/w==
Kelvin28_4742,z0nU5m60Z9qAH/c5/KbIZURNHEEa/ry0PTY/M9gQ0Fs=,m2XWg5fBPW2lLnvgh9BYBA==
Azrael6563523,olgqwGRsQO3Ye5nhj9Nd411UnV5Kd6ZoRe9/2CTRi8A=,Lx8u0RILN2h/ItLde2kvYw==
Jeremias_085001,ZkWDZgyKvftOozeU68qFe5OAMDjVXI0Aw8Dn29VvBkU=,t+3aOeWtjFGN7SGQrhH/1A==
Francis0812000,w7AnISJ8rDJ6zga08fHs9GBuUm6cHCbmQFPSA3XpRW8=,FOsbLgMwkTzV+/OZ6V9rWQ==
Nico4073983,BRgg2nGkikiKXsUt0O1Qy2vrliqiJiJXoNkjlMT0UH0=,ZLJubKBSerFM60EtqvUxGw==
Landen2.59_5.,zo7Z1X2D5WvMibYnG1AmbX2ADbMfqcAPl4L5gJy+72s=,VKOIbQJHd+9T72b52wjJiw==
Alexander4737654,G9k3puCodDp2ET4pSQ8eCbGN4ey4b2BwRrLpj8kJUJM=,xiYcgdTwt7WFVEwP1/kAvg==
Yousef8882139,IYUcNkOzW7EF84ojZObNdAUkjSB5unjxssIruI/4BwE=,08IAWaCiZGlKq6xm7nFUYA==
Ismael4113.60,bcj8197R2pXJ1lXTxBbXaVGz42GaSTQH/nWirmYUxFU=,Z4T525VwopNRKx8XLz1HyQ==
Jayson._47_8_,EcN63sYuqlOuqJUrg5JfGW3HzI1B4n38sJ3NUyakJQE=,YTSzDLP3YtPZ5C2ZhHKjQQ==
Osman31.1.62,yKNyrtMNSv9V4+Gn+MUWzl+bT+FWAElUMsq/SyELx9w=,gx+53rgj89ug9IPUTtx7iw==
Francis0_2.75_,ZqK/MTBybKbBttaXdUjsgvg2nVkKRFhSULnfaD2+XZQ=,JdARZwncO0M9aQxhN9Wh4w==
Santana41.959_,yAH1ISvi6T14eTp0uR0pf3wVNQwFH7i4UnaQqMy5mgk=,OoXqw92hyHnZIT6dCxeSZw==
Roy8750484,BGgjj494ou4kBj7ZLfZK2LgsVL+2tPhGyG6hfpbCK+U=,geSCNA7vgi0M7rB+o6jYag==
Princeton8455725,hfpAGoPetFkpdpB5GIzQntFhpVSzrl7Z6tcasNFGIr4=,67vYfIy9cARkyMGJBAPUKg==
Gael62_9731,kzl3zOo9fm6wgIHTOtNpd6vXBo/qj/P59/jbKDWwUAI=,LUY67EGiyip4xnuHmGUWAA==
Charles_716550,07mNLw8CjYyP+zGjRRcrHPZ30bzm5LwpNp7AxZ00hYs=,w5Si8Gh6QQZX/y7HVEBjoA==
Carmelo8430.84,QrCikNwQda8BZz78HLSxcnqlPh4mMnQq4xMYQWsJlK4=,Knlr55pI/ZSjKbFLrujQSw==
Rayden2380._8,t2uopRVyGOhb7lln598wQh3Wn6YnCHUH88Isfy9uypo=,vj1lDNGnIQ6yu+tzCYgVWQ==
Brecken275314_,P8C+Rt5Ks1G+wcn9Zt5YDI2q5R1ZD+EhgGTIO6Xbhg0=,CKSAq1qESkYcPeM9/IKTkg==
Watson9020898,w9JeMOJxoWzTZjAuitotdCHf3wGl8j7D/TAQbq0iagA=,lnwpa5iaBzqqOaWOHk3KKg==
Kenji_599_01,zjEj+EGTwrUStPjcf6RTmKeYomvUoh/ZgEuPfkf/B1c=,U9ttLFoSZLQ5WvG1H6BU5Q==
Salvatore249609_,f+uHTlbp2HfXx5iacqLTbzvKd9nKAduIoo6RT912kMA=,EekqRlmvyCURtTE2W4u/Jg==
Benicio475.006,sEIicuVTmHBLqQ19KoVnGmbHhgf3GD6yXWHxwu0IN+w=,LsieTECuX61fiie0MZ6MmQ==
Sawyer026.864,EsI+FqTceXfz7Y4cNVWI/J3gDYBxU1FjyDQj0NNuLGM=,fvhGYsXHCzW71pVEfslAgQ==
Koen597184_,v4dM0JxDsAjsZujpLGPRutJclblovnWpowcBxDWGMZg=,eupBVDFISFxEYVQIprFIbA==
Everest.0.7768,95TO+KU5C0H7o2P7QCLAT6DmVXLCZWeZ50AG9QKq4wk=,7wWXIhj5x4K+5HANmO6UlQ==
Zakai4256846,6t4DqQHHPfUV7AhDBeZrjEQElOcjjUes3t5Rn2lrkDo=,SXFCeAvKkK/vTeCH+rkyAw==
Adriel9.510_1,TYBeI2D1d0vn+g/RrDMGm3bIOI99DJ0+NNorQxn0wy8=,knBmbFdp447KQN10mW0MSQ==
Jasiah9806075,NXTOeUme7iZ5KO15L1mGlyiz283E65qkCaA1fZL7xz4=,fn13UDY7CnPN2Nb+vRVM9w==
Reuben917.11.,jKeit/+y5oqZ+UjuqZyHd9fEpC0kIYy1sU15KeuFihM=,ks85PJhm4ck+EYok7Uol+Q==
Ethan520.106,YMw2KhxXbmxqPy6WhVrpt6EssXAtc67UdMERF8cL7E0=,dgJ2eJ4YOLCSJFR7XqGxgQ==
Benson16019_8,zx3gghpP2rHL2B2nrEDD5pptTLiHxepmuKrl0nmUpNo=,As3XOHjHjq+C0Iex1SCNqw==
Rodrigo2775158,AVzNPn9bNxM/yPzEJGhhQlTF30zUTFTt3kaOjmW1fKQ=,6GbRMTsbQLDS8uVERq/rJQ==
Royce4.091.2,TSdX99gvWIi6iDlY3sNMiHMQeH7Wx0JDxjU2kABp8wA=,AoEacoewTDTQGXKSsOm8og==
Leonardo6681461,fvGdieUV6U8NKqz9/AN5JCkhKookiiVBu8+uxp7h8Yo=,YM8BRbGwYpkr/jZ427ldGw==
Emmett9113740,wI0W0ZFuLyGInWgOdcCJk5hTortiQgMC/KKQtPV+7i0=,kjmRp3dLFvCGXg1jESH2Bw==
Thomas0397579,pxcpAkZZpCPLAhYvEWUXfMKvPF+DgzYOBO1ELkuGEy4=,bGhnmaC2bPdXsu6lHU14EA==
Jax.22.840,y5Ev98LUdc1TlY336Ok3i9Mu4+1Patg6fx6kky0s8Ck=,YFVsM56Od3sK36skeR8nwQ==
Chris5.9.856,VKjE80BWvZ1V1Tf4wjILMkPKu8wbgMnAZCUhASGXqiQ=,6EFCm9CcQ8Plat5w/X7Nbw==
Fernando24_.033,L2Tqb5KkZZ9MiAv8CTQJYktCGRAS0WS85wBZmbIhtmo=,yZ6LjflmNaqumr3GOwgYYg==
Messiah079_859,hqN2FtNaB117AO4AlDqNjkr36bV6zz31EBCOkynp/To=,drS8YWrqokuslv5sXzGbGA==
Eliseo235425_,YWPdYfsyx5W/wp249c0RKVsnPAEtmHzl3XiE3VbNN+Q=,N+UBXzAtFfvgRcbvgdWHbA==
Vicente1215469,nj+huDi4Gn8404lJNstaoy+PMcOwdmf+j75ywrMpSfY=,hThOmdyTnNHbuiqRijkGgg==
Brock2103952,Y+dekbu1nlakB9Ydyo0Dut2s5+l1OL7Aii8ZiXemN68=,Yp4mZ8Auf0OZZwEH/DFcsA==
Karim0279483,AtUefc/10S7HQTFh2nRT8Ox3sxeW41/bx8sCB6C+La0=,yt1HQpoE/NFWIhdC/bEF5Q==
Kaizen5790.41,ao4RdTTEgWnyQoobvAkecTPEr49Oz2NEUH9jhIHTi30=,3Amy1GjrLD0yLxA7OVhhcA==
Beau8257441,yWC4ysyGFcTaSNBdKD4Y9pKCymyEL9bHyBEqjx8EFCs=,cyjFJWp2jimmCZDumm9Dzw==
Lukas5733__2,RsffTHMmynLo254qjbMycM1c57ptQBnm9Tj0G7SnMlw=,4hcE6Xz/5fMiT9nfu00SzQ==
Braden5160198,xJLwsH4MrXuXaaSazRBAnOerQHaIdWpV25dbQ86XiKQ=,UmrxeDKPfO+s3mm/m1Xi4Q==
Kyson9833927,ao6uqYRM2RLTKssl0XRrnND37sTJi2QLrNRF+wjX6Z8=,MLeKeKfi2T4U+T9x2i4N+Q==
Cillian1.63546,m4nonDR6xrEY1+LhxPVcVC15N31Fv/kIVi8tjUjceAc=,WgVqQl/kPMrzIehONvUmHA==
Corbin38810.6,Y3IWtdH21a09Lk2pRgaXuT7NLPZcOIl4BiOw94J2dpA=,oDu1Od+RoaQ1HhkMjOPvvw==
Jasiah4303713,9fG3DoQ2IFMLyIzYgMJy36L25lu9CCNEe+LBwhI3/Ig=,rjcR4BG800CPdy6kYwK4Ig==
Banks74_4357,L7cagF8+IRtW3RGW/pvKj3kxZcZLx0n4UI/DdZAw1x0=,mJR9AH9Sj6FsDyEvhgRclg==
Bryan04.7._4,Sgnw8LLB2/KDkAiYcX6LinUVT2zMkgXiLyXNo4r9Q0w=,Oi+gbHJl7XdE6oxvQnFDiQ==
Wilder._.0.05,KbVNVm8jcnUTxD0lJoWKrpWSOmW91NeRJDO6IVZUuwg=,HawcELLJqdcD4ffhoBwtow==
Conor644.295,DPAv3YLyBLZIezKe60A4aoUPAM+mhwC5DY3CrqqJECA=,B9mMohr/X9brOZ8qjp91Eg==
Conner096_746,sx4tS/JBA4VTiaHSvl+hdRc+ZG8o3stgE5nb7ANBk+w=,SMtIgt9N9SUZUHpX8QQVlw==
Emilio2.63788,Bd+wx9ESHzXNCO3uVLuQMXrNuS2yZ1OI9Eo5p+WfHMI=,dwIC5w0U4Ypo93+Wi9QqBQ==
Stanley0239716,26b/aA0GWU5eE7manBz6kXEKvVbXcSVFzLtvePuXW9Q=,j8ciYtpkzHMfxwNssnyhDw==
Mack08_8.75,AVT2MTTOwOvOtlLiIF+BnW3XBE22q4bffPVftYbgu3A=,jOsJbSYiVKCRPpN3XQ1NGg==
Amos.581_25,XODKkuGeeCc/60F8fyKV8Dq4pxhnQesIzO8zphiIch8=,9J2heB1yRKQu/kjyJ9KdHw==
Nash060423_,moFFOPTC41FdJCh1Wq4v2gwExv8IMiZoCa7BZPG9tbQ=,lwxfapblVcWiuYG0zAidlA==
Samuel2518600,pVN+zue4fIfOgGLUGS7s7qG/iUrcwe2p5owYe2t4ahs=,hNyIdwrvgcj+gK9l4TEjFA==
Dante_89_6_5,mraW6wbEQrVHFlNqWSuxOqELn6pM34mWyQb7NGOLRlY=,xjvG4G8DGPCP88zcZP4E4Q==
Thomas81_5_01,EUPaFGhkZu7YJHvYYLUyAdcF2LvN2gGZUpJvyZiZyO0=,CJbQGgCVqe/K/gTxHLHvHA==
Brody.260191,0Oo2/wnRhwa40UvRg7zjUe5BEmC6+C6A70y9mfFWjEA=,/Q9ShhEFahBRIwfOuCf9dw==
Cassius0044451,WKtBhgMUdJXesbzvqfHWUomvMW8EfHjBAf1SFmjawlk=,tREG3C4H195JpI7wc3hmjA==
Kanan8319279,bQRcHpF2VlBzh+g9GmYkDky0RwGosvCL3+ohJ4etilo=,g3naYEWh/cmzbzd9l2fIEA==
Salvatore.744_25,/mw3kRNTsJQKwYk15Qab7jNLQZs/pbyLMKmfTLh03SA=,PLNazbSGQVuGKdGIuP/ZNw==
Felipe13415_3,TkjILWzJMTSXaperfo+nRJ/QqaB3TlKZ6ZdcHb011Hg=,36vFRjW2abtMUTWbrpQ5UA==
Ariel497._83,lMWfExT+AcqyOas82+Myh4h+GMEdvlvb+9oDf7er1yk=,VPffxpmXCx3IK4yUfYVmWg==
Leighton8.72858,3onTlbkILXHjqginnX+/kkjNJTbl5uQKyF81bvArGDc=,ky4mA1VlPvPY27gUptQcXQ==
Zayne67649_2,QOp/NaEAyoZyZtXNfYFY1z9+HzelQLoJbwz3/x9eMPc=,Y1JivVKVEtPmIv2uoUJccA==
Ishaan1544.85,d2SMa38Npms0uyQdG4WFD7d42KwKkfF5/0G/DgN0Ulc=,MliiPndD1watzfIS1LDfsQ==
Langston502711_,KqGfEPA819j0A583BAoOgCVmMbvwn1mokP5ZD93AeW4=,xpUGPJ5e7TS/4ILniAGC5A==
Xander7411.51,TddqKiTmPsbN6BLytU5VS6U6T5XE6cGVQmLJrsAoIE4=,vk6qXmq3IBERJ8EKcDgCvw==
Kieran3_64620,95hOxDv+BCIhE1MZzWoBepXkOhq1aAwcCQ91s7OaHcs=,JKUlu/aatdq6UjIHwTXFWA==
Atreus25008.2,V5EAB/RswMTbmfvfe7fJP3Ecn8whdlzXrdgcHjaCwYY=,2upusjemDMRBB0SWCMdkqw==
Emmett274630_,OaOVi+cwADyFGhj9H2b5i83vcc45jP1gzYIn4JgISIg=,uoLgiLxWnhc4U+WqKUlN1A==
Bodhi..5_..8,psg6fjKG+5FXHrvazwhCOQyvYaCjPjRdW06NPivmm50=,0jdahX3Psosx4x/suKzP7g==
Fabian3023635,L0QJP0nQvYJEvyZS0z7r+b4rscbFxCD0M/jd+6GZJrw=,v/2wwS7YKTdAKmCRd++TKQ==
Shepherd99_8.59,mvk7ZgdlxvvicpPhr8kLR13xC348FMSGSrNSKXtPeqo=,sBy2dKILlv5RlQGws+uTPw==
Jaime01258_1,umgWgqp+dgNg2CKNZBfE7KtGwM6qFbdqGbJhY1mYfE8=,BV+Pe4XNvywwPzClNcbibg==
Evander_024912,E0Kfz7kZhHkAl/xfhWZ/UB98QbOYxI8LLgyW9wGWiXc=,6WAsKKIPKPFpcKeFEUsmqA==
Cassian0461.4.,AymX715P6WPwHJmrzWXBHRZeScPPXQ+0BEy6ofzoM34=,xFP0vWEoWMm/zqiaDYVeWQ==
Jameson.468822,r/TkUfCl4GJx0agx7N7FErFcAxyM7Bif2qjXWCRRqSM=,blRc1olMGSNcd6ZQ0N0jMw==
Fernando2916229,My0oL6nYkbwy4ON37YJMQeSCV9LnPLXJN3qp/crJblA=,WVtYtMkXUZqegbWuVD+myw==
Patrick.5_1__8,uGlROUExoBdhhSfojYMoxReaS6fpeXEpR5gHCDcZX8c=,tNfrtk/m+hMYrmbJHoPfZw==
Watson__4687.,WWHXK2crbulxl5a7JMLh0DVTmaw3s1h0uhcYodYlkmM=,byCpwXkaFEY+PB/n5EhKig==
Connor5846531,GN933GBlHsXP8cCGThGcV7Qyksz/ZT9l/TyAcO9y7Fc=,7UmUV6DJqXyQM0PCcrIepw==
Ethan0.57_29,0I55FJ9ILoOOCwK5HZegwLCcLKEFXhoKayRHEDk0nt0=,ajqlzpFlhPXWmhMvByYX5Q==
Roman.6_003.,pSbXNNfQtNGpPr55f/IHljLRqnCnb9++9Cs0AscTd6I=,7BkbqyRlT+0y08EcKlSYVw==
Stefan461_605,LLYTtG391A4oO367aJNN6BFo1J2IAcRe3p6MEaRJbtc=,fwYT4QEodkkE38e+bRd6ow==
Paxton2433454,MXTVfeFul5A6v5YEEwh7x5MsLoEhLgcIOHzuTBLiK54=,+3NUMARULZfgtPk+xfXF8w==
Luis_995481,foZsiwnPoMui/GUzWbEodT2GpyH1Xy7yHCP4V6dOX+4=,sE6JA3A+vxJ5P6EAt4pMCw==
Samson66325_8,sQiWZ1DKt8OZvUXbaRYExfxa/OiwcreXMH0/q2qHzBo=,VEAhBz9V/Z8cctlAXyas7w==
Vance971.368,1omBwzQUtIFDi5SCsMDTkE8xLujfAVyrIEiLAD7QkjM=,7lvXvC0shHasW260ZsuURA==
Ivaan020.._4,mlc9W88tGNhbFelMwJxaEPb+3+oafbq3+WWOaJg5OF4=,oVlM51HSqFj0yuHGXKN3ZA==
Kaden2.6.048,4+Undyq1d0MQVCZuba68gfmQIsBJj3V36lT68N2TQf0=,rKkyaQIkRgOR68t/saqP3w==
Kashton99_6249,4T9ZwNjqHkd4U07149m9zNjxXBHgx+aB6xyTvBeSxmo=,fyxXsE6VFnSrRD37T+ELgA==
Maximo_00394_,Bf62+wLAvAXgtz9E55SRT7Nk/F6PUsQUl8b/rOcC3mY=,Mj3w/SN8TZpf2c9sVf1yCQ==
Conner1429763,GhVsG+NPKTUuHSy7C9H9gsvoTQUttlQgRs4uEQ7S0Uo=,SkPG2UwNQ2P3eCyfZ898ZA==
Tru5792234,+3f5ddW3Ibij0uk9zTfPERc4em4e+HMDOr0LNMaHn84=,lvF6DyySRpdUUz0j81lP5Q==
Ricky_._9702,BnVcBtHfQgqIZ+BJViZKVvYJ2xKBdwJvpAZJyzR3ujs=,3FneBrzlobvNbbCvp+6bRQ==
Alaric35.72..,yPw4ydYOwq6FlLPBt0CO1MHvKvTuN6T2umHzR6A/LDM=,oKZaCdQRCLA8CXYhXSyoDQ==
Gael8111286,TzGoQhuzTwa2D1MaiHF9f1+VvF9xw7709QnVBGQ+EDs=,lDrubVpSCf5La1/CC1e57w==
Yisroel_74669.,Bg4MDXLuRKgDfljjdEsx2RpQtbuNlP3pqix0hs2Jbco=,TiaK5/89QKKSaMqp/GrjsQ==
Johan8024010,m1LTDgYS3asfukkEmhyou17HI8cCGHCSGDcmuI9xcJk=,SVliYU+wT1sqx64UKN/iyw==
Trevor9.86509,XyeQrEaq1Ohz5zxbE7KygGbxHWax4bjvSYlPYksR6MI=,uoadGcqduq1U8A5mzrzjFQ==
Xavier974_576,Az5vSzyp+9PQ3DT1y5PPQY74W69DL2l8zbg8UN5VJyQ=,MttvPUQ93rKFXzGalXorBQ==
Daniel6474006,V8sKLKBbmz3XrUywVq2f8giSS9Gdk0TvekdtdnaDRVQ=,4Jyrt5HtHh4IPcvyIEU5tw==
Tatum_178674,Kf6kn3Qzpbdk9c6v+TdW3z8NonsrUNB9dgOsCybgi5o=,42lfYqy1VEkrlaAGZDbTFA==
Kingsley28759.6,KR4OgsuRkBKhkxYtC0x/lbEdgAVCVTVdFFW3wtP4nJA=,bgzcdeWvW6/RQT7V8gUu9w==
Tommy9608643,sXb2Mv0lhMEfRRmnGRkYV0ZkD2njBkPhs4KhxxK3oH8=,KVikkjWOp5BvOJpfsMiVhA==
Callum7118400,+KfwuSELaGsTh94qVp/s5wj8/a066QjbueYgXEMv7gs=,TNtBT1yGRKQ3K+BgeF9mUw==
Esteban2.040.0,2Q820zNGOquJtTJVUuZLX4siEf+mi+PAEBup9XcwKVc=,uGpP/OJW0Bp55Qgd4uDTxQ==
Liam_..9583,wd1hGSNDXvUsPrPzB+uShb0W/O8iXChv3M+IXWP0+HM=,arfoF3LF26H7ztz9qAgYHQ==
Eren54.0385,DhxoHbwbZ5ShbSWoUrE7ETv+AsoaDpyeIrfbm6AvDRw=,H+Kc9KmZNFrQYBku/X5rxQ==
Dax40.3410,l1Am0ihc1hq2rGxlIwBLjzWg3Z8Z6ee33uhou3sfXBU=,3WmdCv8VuRwYX4oZSeaElA==
Sean7_.03_0,eo0sVmsi91BClZdkOK1i6gohAk/33yX2qOX5S9p8hxY=,BnfU3+Bm5WJZ5euK1oDdwA==
Lorenzo877307_,FQsVk+n0GnrvOIbs7ZgRJibE7Bufiikbv8hFH/xqubg=,LldXbkyZx5HbMhBGPA1z0Q==
Malik660156.,jij8Al7C5iPYCPrW5r4cs1Y25N57uLoXCUWlVuLaHhI=,dCt7S304G4DE3R25WSozIQ==
Fisher6_62543,tjBJJjCplijXBSLigoE7EPUZ6LVha6omW4Zn4Ot2evU=,thVW/uGQE3bdTpeguJAoJQ==
Tate6.18166,60gY2YiV8ib1rXnjHcpRwPEzsKGC+38RQ/RTvbyHJys=,W8oUx9sRicHmFO8kyOrj6Q==
Julio0291644,vHeQ7HtMNyGthSudjyAAriOcfO6XFYi7PkfZbQrzlXI=,/fbFkP1WRA4kPfcfiPptfQ==
Reed72697_6,FyPlcmY5Tl2CGzsdyWh6b37BpZLxCn6jOq7pTpvLE4Q=,FqmBgCGmZ0VGGUsPD6HYkA==
Khalid9_7_715,OeAWjW2Z6r+LLSJLtaMd1wqru+cEfbd7Y5TBTXPK4jw=,lkjKJ4PlgdXH0yh4HR0Z6g==
Tobias.32.3.9,8vd+lc8U9A+J+2qABEsiDIk/Pl/+8uqRjM95SgiFedc=,lStiKioQ5ShClOZnWGzCzg==
Leandro3844879,RmJyGGdwBPRwtYg/tkRxoV0SNRqC3EhENgTlzFmWdTQ=,ddqhbHSBzWtqbmtvKgOMTA==
Coleson30.1581,PSGcRNR7m9TNplUPbNrtk6/r76ItwrXHpzhTO8L21ts=,lKMRUAA0iJG3wLdmOlj7TQ==
Imran30.9978,QPliR0PI9qdO/cCln5ebMbeOjNA465jBWKyKdkboJm0=,mmBCqJIet/LHDcnF0KcDTQ==
Jesse348_872,f4kjH+AtwCs6XWBaAXnwfvjV654ltJ6iJI8K2C1TMjo=,698VweupSnds4sZjICyy4w==
Sylas01.2718,WLqqSvK01E3CpLDvcG+NKqIE38z/zmZg9DMffjRGqmU=,Y6xT+7zEkRRdaRF10RIUGw==
Melvin189977.,P0sTL4y8OxLLChrV5bZzwLxqIoYD+lk0nqIXH7lCK0g=,N7PzTtpW1UFGDTpbPjfm5w==
Felipe4411248,FaOuc0qQ3FZvAGhOxBmW1a2tBO6b3d6rA4OFABTYeqY=,RpEFonycfNjRTej4bri04Q==
Ian4503547,9TY/q5d7JaZARagvKy0exEKMk/itNzrGk3Muktii3Nk=,u3vRYoAv3dl6et5d2SOj2w==
Jesse955576_,1SM6IkNqHXBX4AHguI0a4huHhhPEcNgJFIbQNHh9muM=,0BIU2ClIZPJQZDLWOPuF4A==
Jensen4232590,/RzeEsieFWCqcCGp4n7CwMrIjatMS3zY+EDZ+/sfLfY=,+Wd4t6hcCgPuWDWKcpqjGA==
Eden6694179,UVgaZBeAHWtD8uQNahDZR3/MtDCJHDHpIbUVSi/Bi+E=,5IfR1csTdapuUZlSvOBxEQ==
Alberto20_8.5_,X6ZdrtFyOAwiPP8mwB4gvOArOBN6au8ipF7iEOr+XVg=,8uQKPdmFpiEWWJBSTn92kg==
Asaiah840325_,Tg5IGDyEiWfh247ZmPGpDQMz6oaaM34IVBsww7SC18w=,RyaSDt4IK3U9h9y2fu9iWA==
Augustine55.1251,6QCdCOsMIEGegAqCswvrPd2vy1vSGKexoHUUZNQMnrA=,KHtb9CzS235LPd0zSxIjdw==
Stanley1859566,Nnqu8i1Pz4GfdPAUDaXJiPV1TbohxqhxSmbc1o2Q8/Y=,1VLSXnNaweRsf+i8SttPCg==
Gianni_118_37,a3z6yZoQ3M7jlZ5OfJL7sma+QpvG+yStejNK2/WEbsg=,jdBigCoUlm2RKWoiCSUtBw==
Adler541_284,Dlc7afThqcwBWM/RQHiM247HzLBtX0D1GqOI18NA2Dc=,5ESc+Ny5Qk91vuhvvfv14g==
Derek65050.9,srDOMeBLOipoOb8g5VJQf90PAXaBXgd8Cw4efsuc3GI=,RPE4Dglrk92qlub9Z0/gJQ==
Jordan269.403,FSiq640V6BNzntnD8Yjs90PEg0uYN06a68T0+gHwUss=,YaWqhQrG85tKRa7GTULisQ==
Jaxson5781292,/qIPREltJSA/fbQZg0VCD2IShb2VN0WZtlj+F9PSPJA=,PBQzw8Qp6xmHUhLnQNK32w==
Brian7.36926,6sdjXb/pmMykCiH8NyVxJqGxYViLE2j/RWx7fNcyYDQ=,cWJAhDvJVH5Pbj337aeBjQ==
Thomas46.9106,7iL6Az4+OIErbgcC0FfB2ncMIx9t7BkOrFgz1MedotM=,lsmGXLwTwfr1hrBIh18BHQ==
Rafael64250..,daFd+LvLp4YsFqu3+Thbd9zZQ+S3ZRSR/0JlZPveOio=,zxWIduLEXipYbE/gUkhmUA==
Zayden9_25102,VDOT2wRc+S0+UrqsYXDq2NmfCeeSO+BsEAsoUDlL6ws=,njkbgOOblBR0Zg5HdoWv3w==
Max201690.,abD7Fk6vsaGsBsurFfyyC1iQpQgY7ObhEmbeAl25d4E=,jMryTBNNFWHSgKOYL1WarA==
Castiel4.94201,XdGLVleyG5gzLNHev+luhWOOctaSscpxgxXLAhqVDRI=,NGtbJXDIEpTMlQJKOhz96Q==
Valentin56_8824,0DJQmDrF/2/vMZM3Gh8aqlu8ovONTyNJRhMmtnkQyFE=,1QdOdFTsJpffUt0pKp7mhw==
Enrique..40694,i7PVRNekBnVHrsGqFd1dkj+sLCZPxV5aatqOijxOCTk=,AsHWORH/YvX5mYC4wnsrRQ==
Roman8674879,OMWp1VL/8unKKnu3s+eF/nMmmcuy/fwhptsqccIv6KE=,3bTKSXwHXgat/qbzWtfdoQ==
Paul9504867,Ug5Nw+S7SVMQR4lkCgfEZ3VOyWzWpKiXTP3Eshnoz44=,NsA0lPVMU1ZNiQBt91WLvA==
Jakai14_7553,VIpuuErc/6je9BapIfSEU3eltyKogqmedldLfd6Nvck=,aEtbxapn1Q83hbKfWclhBg==
Finnley3523350,z04SEqC6Lv2yN9wE0J7bgwrhD27IU6czxuWXTiHBF7k=,IyD0qVqLQOR4GZJU0mlvKA==
Lawson394771.,DiPrI/P2nDy96XSlV96sqkE/tzJ0h9DTMhFz11h2Ugk=,MlmoLVusPHm1OrK7E8VWBg==
Damon282.__9,XUXKzQ0qRJrOhfTzeFwmRkwxMkLs2bIlilxx7jTnNLE=,ZO0veM7Rl0gYoAQWMrLCeg==
Axton4225320,lE00qsOB73B+PhA/elEdwoT4zCy281ymrHCMMbdtspU=,WDQ25X4HPZ+nRLA9gsjd/w==
Sylas5895107,6Erm6hNxeNtZQwJHBgoDAI/xsZUvCt2knVZsRXhDXUA=,93K+9F5/qa2W1GRz2ql1/w==
Connor2_4759_,RiYAc0QaXFk6jtmsfk7ActPoxOqIy0sUOV4mMPKC0vs=,7ePsRN4Vj/4iH5uKTNVQmQ==
Devon521_27.,gPzf1VnZJg8h8fiJHL5MyJAm4wjTDJPTE5tO9adWXCk=,DAs1pEXBxeK/dF5ncDGpqg==
Jace2192489,p9dGBkhA/mwCaEuFRZa3OWSuUTfIL9O/h1jYpJNWwqU=,0UpOizguhhawn5l/8SfkzA==
Truett21_8746,sYBUqmT+Y9V4reTAszCqrgktD6B2L9Y7GzYPFoZP7gE=,ub7wAOCBYPrWS1um7fyNvw==
Lawson0827422,e8ouLPaBmxqpQGpT/d1LvCdbKrzIvpBQlb0pss3KPf4=,f4Af97CyDHTrVnUFu9t42g==
Riggs2580084,oqIQFza2+px2rdYZ9XNdnnxmcJvzDvj6xUxPOflDEBw=,0QV+F0SWbACnzS+hjuHZ7Q==
Kayson3488494,JYR5dxQGfklk5hv4bCdVCQgZvKfwdLoZKmgO1f1a2fQ=,YnQN8JjzeY3onVI0U+P77g==
Shmuel85149_3,DGPhT9gpHIV/L/i/g3DO8WqFHidHqtEBaZNjAQD4zOg=,vyZglqNCJY/exjZAnF8P7A==
Amari5.33357,nc2twM/jXd/K6jqomAXXCjGYH0OyrP0ocHPqthu0xpo=,e3nLJEefyyQdFIpBwvOIuA==
Leonel5695353,sMVrZoAtzC8g3wetHY70R6AVSysCN9dGSPun37dmnFo=,IB5ZeXuUCjD0UjTFX9vQow==
Ronan116_4__,RmJ2B3wMEiaZni+wkZ62mn8bewYou5by5CBwdsdGETs=,46PckVBs05IQjXe5RBUxRg==
Tommy4100670,ebMzseE8QQwleIixjF2UC4wplepMdDqPc3Nt2jHWXUI=,uA3FanzsLClnSbiMiMMXSA==
Martin727_477,ZAeqjEzJExm/DJPs07tmus4esMx1eMVPb+uIIlor+m4=,EmXsaryAkjyG/HWp2YpTaw==
Alex08.3_81,96evO3+NS8g3HiKHjHb0JICG1CnwwGQDnTmdyNJEP/o=,dY0qRux+Rr5zdpaawVRz9A==
Zyaire5347.4.,yxD2GHDqC9pMo3dn0gVAckQEZZZITkqewGUbKwkGoEo=,IGfjewHEES3iIaT0JHEmZg==
Arthur_9__507,Zq0cRtag+iNkmJqm+Zi+qKZE0dAt+J8OsMXXz1+ATEk=,3xzKDp0g/AdI38gZ2SZHEw==
Tucker.47233.,Dfn12tlNYXzRi5GgzUtPHSVB9d33wRKq6HKVfVKSW9k=,uefbkTq6j6PN+MXKBK+Yow==
Jaxton_4_8288,1TrQSKrVskk7jwg9EmJBroQct9HVFS71UGDCuM0i2I0=,U3IUCHsL16EcjsBhMB35Eg==
Eliseo2434954,32J4UCD+1z1YIxjfxmEzwBCQJZ8n6L+7kFMOf8IHw9s=,uIZHn9sJZkgW+FBFDYxZtg==
Malik441070.,3xNXSfuttcUwQDbzNaJay3/cy8/JEV8Eb0gfxmjA7EY=,t+D/XcvRMwmsZ4YuwCTboA==
Mauricio0.22037,YOXKvRyiYDJ+UPoM0M3d9W5WsuPhkYTChW/egcR2Rfo=,DzM4wxcJgN1p1G49ItrgbA==
Nikolas0532_58,5y2NFD72jKRiXSk/jsX9/LetzCkSwk2yZPKi3X9Wc1s=,r5QnEKs/HA/93mUTS15LLA==
Dexter56663_9,jOYZ6TRqzmH5UfzEWYqWbnNyJw+8enZs1CpgnYzTMtQ=,5G6Lp8qVV9xqkjBSt7dM3Q==
Kellen4616487,8yR+hFmEUsCX+PR0D29d/m6KeOU0ECzw6poc0R0Xtug=,caie1CaeDU01gONk/3bgiA==
Onyx592673.,pBl4tiLoQ04Fbz56R1txyzIkR4vmTV6H6+QVpwpTnuo=,gJxdQqru8xHR6/ikaYYHjQ==
Omari0189426,VothE1cN1dCNNNoVKwphNhTlncwg899SWGNS3XODCM8=,F2GeBsYtF5xDyrH/h8R8JQ==
Camden5501910,TnF8LTnSTUK7cWlOdbVNmBqXxrno+pCEnrB/1iczmVI=,0ZtIzmaocrwNCwe9JbThmQ==
Micah.5._613,lNCNgABGGBfTfIiB077byYQPzP9pQW6miglYdKry3B4=,//h5ALTnUGJ/Y5dWPZ1T5w==
Dillon0545348,sqsfvj5rx2KcpxEAt9hEs6wpI4Pwzjhb9YpPogq0Gto=,c2BECU7MxW4NUbowwZ0qBQ==
Hayes04_5689,Lp4GGDWd3oTN/UI38Esa62uWwJHLmYHl6NUZhy9SeFU=,c1ofJA/XwDsHVKEzTmQpRg==
Callahan.57860.,iX62IQBcFDZKBMaAOnDJnBw/oJ1JIgsWJsv34UYJpNw=,pstcxCabERSv3c7tUKTZvA==
Philip53_600_,XAodCPAqVLhEGvav26CLQbPAa3eHgL1gnMPQwq999Vo=,lxAUN6FLnl3Qimtr7ED/eg==
Raul5371857,ANXgy6n3LctulWoGByfe8NsRhunDKaN8jADXAPWn2sI=,59NC4ifoZhRUX3UYMyZKxw==
Westin.397988,WVrTNu51bAX+6/prhf3Q0/W/9mrl77rB0OyNsPHCFM8=,ByhtFNmFaM3UssGWHxN31A==
Winston1555198,HK10Tgxv9Jsj93I6yNfBFBveMlCGiD6HJ1ntBMtzDFo=,426qQmtlqRLTVTbMjozSzg==
Jonathan049_7._,440mGg+M8JNo2M0X5xdBABpNczrUe4D8Pzg0l+qKwsI=,cmH7EHGe680Q2ViNjJwv2w==
Mauricio98.17.6,+gKtnbGQjkQ16XP1HBnrSlcxbqzp12Sy1YC09pxXUOU=,3FScVV3VPwxTvOxk7OS4XA==
Adrian3955526,xvvZGwzoTmAFf6Cq412vkYRG/gSnGy79gTElkIqx7BM=,u/eM0kuiPdd2x86y9xoOoA==
Milan09_2._0,ecBSoLRpLKcYYTNANtV9/VVVCDUvvzdal8G/B/lklrY=,HRUmNuwrBcd5khSAZ6Lacw==
Dariel774047_,dt2RTR5bm0ArZ2TTtEvCuqLT92idab3eXi2mHn2gOKU=,GBQMwoO+lq0U5OxC9i5lHQ==
Baylor6327816,iIj+j30irzBnqB7t4B91u1xvoeOnpqdd5vVLQykHJXk=,ZGimxS3IStrfK4tWTaFkmA==
Chaim170383_,Ybb4VEqmB0mQaQUnBd3gN7CZXjz7O/unds9le9Y7+Ig=,1FHDFemePT0hiRf8/j/X9Q==
Cooper4.62205,2SiQutIj15yZM3O/eR4kzfubUT5M8SfVY40NN4C/fcs=,kWvLqigXjUrVj2Ij9aQxrQ==
Rome.743222,JQzA9Ii+6OpW1Cc9gq9YsUeQdmj0rcRkdqxGbPSEsho=,qvas8d9/W4s7rONj2JgkLg==
Ignacio1_59737,nZoPQEvYW25cdVoXLbC9IFKl7Azknkj7b8ZJtVpRGpU=,VNZLXgVthBBfN3QDniDQbQ==
Ridge.3.1646,uqdL32kj6y082q5ReWFH1tkU7wznBlWy5VXBnkynMlI=,qM7v+IgDzoDuLWlmiCU+Hw==
Patrick7.3..18,S+YVwT6HbBd+JYWjaKTV9GyxOqKNVaF7fGzZe3bJerk=,UqF6wMdjizVm2kxtuvPifA==
Marcel.484845,4b4cfufoY46z1ZRWs2v23L3udiJpHHsWSpUF2Aol+8o=,KVxe58EckAyTjdfZAOqFWA==
Devin.73165_,3YXLC7vbutkMTBuqySZJxsPlAeFnNjqTeBCL6Y6vO6E=,/10v2JF34Pa5YxgGkjG2Fg==
Kameron6457766,ysv99WJF/2KsfVA7ban5HLIeCUNQAH/w8qJwyeIlwfs=,6Wqn2oU/QnZSYhMb6eCbLQ==
Karter67_0499,Zb30SbyqCN31/rKGLweo6ubaM+wpZc02oGKFCqnmHSs=,h1IsAGI1Dxe52tH9L6vcag==
Rohan.00.592,mxa5+eQA+qhhuPjkTB5g3UqeqKWGy8tTnAKo4NuGb9A=,Dxkfs/lA55CUHRk4Z9fWkw==
Sincere5959.86,s918VvQIOESSjq5iMJ2wPWTXD21IR+PXJxVUlNlGJPQ=,U87KPpTKYQ78DIcc/3JjqQ==
Kareem545703_,VmCSFWN8CL7iScs82UCM/DaU3bBk3j6Myh3VstaqsYU=,4OOULp6dcNhC+FfBrxGOyQ==
Jayceon935418_,d6P/z4Pc7GTpggERpcVneDFLSxFGCzh2bjCR6S+TYWY=,u/Z3NwdEcCVAOiKuHqPP6A==
Stefan.5530.7,CKY7FzWj9K03Sdjva+U6NNUZy5i5poox5Yjl4VmufBI=,UmC4XKwCfSdzTDCCeA7zAA==
Alberto691_886,VvlbaVCNMRvXVJSCtfTLS5devWwRDsWFXpR0hb4qn6o=,1wBPR3N0Y6WwWHDWj+kZvQ==
Luis01_8782,12vRlX/9vatquiM3kFL3WJepuwsav7jr0tVs1Bl3gEU=,7oxjZc3aJW3BZaJMyGYb1w==
Matthias.79_.29,wAs4EjfIufpZDx6Bxo6jY6Wdalxp4AdGurM3Oe4APHQ=,lE0D70ovCVaGGgw4EUMtdw==
King66.876.,pOZc5FcrOwkWAm2nL90jWGsow1yOFqcohkRTURYnaBo=,s/iFGW/M0LAJ/9wLZQwZhQ==
Ayan511510.,1yubX0TL2CuSnrf4OXSzXihE/l1YgwBNxgKsg7PlL+k=,RTYg5UmdMcUgm6dqKkBojw==
Nico6392676,OSvJR4S0mg7MQCdz/q5du7M6c/68rE0vu/dCddaVyqU=,P3McL5KzW+bQ8v0XbOS7Bg==
Wade02440_.,bFkSxZfIJkG1bsoKurzT2vfFplLqVYJGkwMOwwPdp8A=,0FAM4efr7Ob6TIH/PT0Ukw==
Axton.9_25_1,KHo3hNxBdVW2+C7Fc4arpqg+v7n3rk0QTs1DLMFsn8k=,TzxLR5JfAA7kamYDD104nQ==
Raymond6386255,3VQ2GBPceD1tEHPodGb1Kiz+f0SA66uEwJWEg/o5924=,PP9UWXS4bA6JoK9728NgzQ==
Frederick50620_9,ryTFEGP6/7FrCzH1sVTXap2Vm05k53CjfIaf3fNeLH0=,+DXFNb8rnILir9Qb17Wuiw==
Kamryn62_9.._,aw2eoOjcqMnpS4fwBtd2CcA93hyDDoJToR3/h9uI0dw=,LHD3mTtBBEiJzgYC5uXMvA==
Cillian.9253.3,nbvGj4TNd/c7QUw8jDpNAIJKEWQ4WdJszDv3ZlYVbTw=,eQUe/tynYqgrO3kCLXFIhQ==
Kai.9969_1,+YimYNaLVVcjuX2QkvgJBimcsCKutjIvaxf4OfOnIgM=,oKZY8urvJsO+L/RkbIBc+Q==
Mathew7539___,fMfi5ckyIVdh6Z/kpgpNWkmo2RXTVC3kM5PRp4tZNx0=,2IYokCK27ZtwfcjTVEsLhw==
Wesson7789_95,6niX1Sg3G3hT8tJsok4loP4w+sTzhQ0E8imZtPl4Az8=,r3fdRCHBCMAlL7Q0qIDbpg==
Shane99592_1,zgIuAa5EJ16XB6Ha37eNgBRL79CtRHTB68B5ZG3lJqc=,KRPTgihGTCt8cI1buqoiSQ==
Wade5_66213,M7PiQhKVvp3bWOFYrtu2A+uF4k9oDG0W6iOrZUxSm6U=,/vVe9hT+nIOlahAPFZradw==
Rome31290_6,H27mAibjqotQWILiKFm1K2JUQqGWHwJ7eImDCN7gOBI=,EvINOxAJoj2h+SZr+TTY0A==
Charles3085132,Jm+iHRPO++4c4y2O9oTM7DwPLMH5Q1AWnWuD98avOMs=,cLQGdKbKli66Ouy0GaSqHQ==
Adonis4861497,7uAI/rosHrTREq7Jk/WujbWfkqs3q1QHXj68yenupH8=,SPuH+JcsT0OrZMeY6BUHXA==
Finley.5_48_3,TNMgvomorDMZ9Ru9F/bVIABwynHkkVrfcrvI/k6rGMo=,WHm039aiNhjojPNLowk+vg==
Julio8496108,ObSZVPPuhs5WcA+H1Re+jhtQQAN4zJNOcw+xYWF9pJs=,GHTkwAUI1MbS2izUhpWK0A==
Hudson7490225,fwcJGdh/t7NF40rVq91GRn5Q+IyIhA0WQOPGer3nKdU=,yhjjAJS8n0psPUgYczGyNg==
August161.2_4,ULmRmqzWW9tMYead/vEZPHF4TPIKHvIoEiWhnK711IQ=,A/xCjM5AZYpIRTcefqAGBw==
Charles47201_2,LcZt89hyq6rSdJPi5jSkTKCj26gVEVphK30fkreB91k=,Xm8zfwLPGQu2Jzj5LaZ3xw==
Esteban8921250,fFftSK90jTrKysEFejQCDXYirUeJd8Q4g7PoTELW/rM=,FC0aQ3b3eBZzALzzbCe+aA==
Jeffrey234.059,0dBQSHKvDWMkM4Ix8iSJsrYO0Iy+ItDuBt4YVzMGkF8=,pTh1iJMxXDti35mhhGLqFg==
Anders77711._,+YwK3dYoXgqSgIVBGr+nXHVyCek5bwPq2t3xFL//Q6s=,lSYaljkn3kstqHQDMt+yuQ==
Allan4052.42,A8L9a575qI2z9Y06rCHFeVa+h/vWZqjE2SkGZYf11e4=,vRJXWNAEFFpMzo48UjKkGg==
Angel3284_._,u62Hso37B7L6vzx0xzIfKrAGMnhCSC9+nWNGw/ERTQ4=,HmE0YJuZRw9eQKlC/YL04g==
Jaxson265.915,v3Wsx+jpKULzHJ/bA5ELqUYEeKbXnCrLIkdSlJUqmEM=,SazeWPryQyRN+fuBc1gfxQ==
Garrett3.59._7,T4PHDJPgn9qZvuYjWGsdA7YF0YteJkg7AzyaiNbAK+s=,0HJiHuJPP+HXt/S9LyODFg==
Tru956_.31,CVoSchw3LlyE5vo8dobA9dPIpsp1t3Irel80wpHlrZY=,MOwyiXcrqVCBlmz95/+FPw==
Jerry58073_8,bBwvjGDO25/Rd6XSsOiK0JtEcFWo/g2qotT4zabevm0=,USp4m7flSF9nG4rqPhqOYQ==
Otis5_88246,jU2fRN40OMXdP6gJy7trpPIQNMJndFzHoL/oE3hPiDY=,FhbQrMMDDzDCjU7FIBGczA==
Theodore6192_02,tWkjh425XfcF4DNNNt56L4+41RheoDA7oP4a88Bqhvc=,HRKi44TI7nN5EF99QKWAXg==
Cameron96883_.,PT8hve5iu9IOLvBFiCfb0LAMZjtr6jN4PQsHcLH75wY=,Xv8sc5qNF6kO081sbexhyw==
Ronald.11.846,z3rkFbiWIPvXaRnO6OUFNHPu+yyCwIZdg0Qhw6dNNTw=,dgj3nlpMFWJKc0NiXlm3eg==
Cristian67_1649,eia55tHWrcyHTfURXtGJQSLzMICiKUxXHKmFr+3wMZA=,xbmafgg5GN3yX0fp9OShpw==
Ismael3698649,whPBaqJpEzwxfpL9kufD8hBC5W2+NcUqLCCQP2VjRGg=,YYROnhOy40WMhD54ZDrxQA==
Lachlan62965_0,5jaTmH5sUrmj8sGuKQWY3BVbzOYIFwK+n8TuzgERHPw=,5rqL3wnPPkYGtPO7GhhcIg==
Isaac0695_0.,TKxivZfudJvKYpuc0GBV9uOstcEtnL8ca+f5++y4v8w=,3V5PDsJcE0ar5PzndW2aiA==
Alejandro.555095,RZ0tOvyOzc5qVGSRCl+wyCO7vuq1VPH4TTX4qWg3rJ4=,oZhadiyWCdaLo5oiajRHZA==
Everest.79._91,07sz6Wi3KD9Aks6NDblvGkEG5fiz5YtzzJ4i7DSkL0I=,+4Vy4se9dcShDAIeeAplYQ==
Reece1__8451,oXsU83QcSRtg6BfIafHfRclk9dGU3XgWqi0hGH634YE=,/SS77pufW1Qww6RzecdmuA==
Antonio204.66_,5HgVBMxTJCRl7576RPTkJqv0VPPZO2NWZZB5u10qT2g=,zUFBAR4l4o70DKKXY7ESiw==
Giovanni3058038,ijTmjiMu7/dVcOB4nClLAfwM1kAvMI1QdqM6XXJQ0pM=,FAnn6BmLj37E6wVoKiUC7g==
Ariel2346566,nC8EDQsCGsoAGiUPWRmO67bQYVzueCFukDVsu0Y54Pg=,riBfSUDNAi5wwiD5MzZOpg==
Malcolm670_594,xL5oP3S2hkzol3AoOLdC/YHLpPe1ilAE0tfEMmQeDD8=,Xzn/h8UzozQRWhMon+mn0A==
Callahan7_8_..9,tLxRwUicESO7v1TBsNIAewtYlfIzTo4m8kqku0QgqfQ=,tUzjZ4gWOQZeR693PRysBQ==
Barrett39181_9,RDAThhv1eauFJfjXw3/so61kA4l8m9Il6FA4/MAdGAE=,qxwkFLcQun1TRBdmJSb4og==
Harlan391.__5,JLms22sorkaVRV4b/XUTlYnuM2zRVpYqAdobCkzcW0A=,PV9r6EEiOUQY1spXROSScw==
Ahmad1_368_6,RRtHfkf/iUIb5wMzwiC7QQii4tBD7CK5WsMYJpgayr4=,WvskHgp7Bh4mMMn8u8FdDA==
Dilan038_513,uOqthPOMzYobYuyhRN4ww8I/1vgXybQak45mzbBVv98=,ShbwVi56++mVFtAZjchwnA==
Theo6._6506,I3f8ATZSpp0+Bkq0xKAgwrxmIGtX0aOs07eWlBo1NhQ=,4J1wEU1qlssHB9u5GnQWuQ==
Boden0096.9.,H1X9Wiq127l68QLji59LX78uYBjz1UXOh6kSkOCoUuU=,zhi2/zc+oC96ZNkiopneaQ==
Alan309.848,kDxcUhVRAGK0bbkOJLB74QCKZi/E5RaQF1i/gze40yU=,Bn8p/oTsAN+cPL81sedjig==
Wade1.56760,cWH7JnI9thgIIhQI/1fcPUTwaJUOPxcj09Ignux88Lc=,nvN1KsW5ZWTCywQw5A33qg==
Gary2926928,QJ4FbEbSwI0u7Ascfh4wyl4ATj3hDVtIvIIlcsQ5hGo=,LIt7ISwZ7UTQ75hRzNFJwA==
Desmond4772242,zQ6IlJj4d9PxUFaEx1u7iAGxdVKMNVAJTH4v5P4dgN4=,Lod3888eEE5Q3mNKMHE0Zg==
Lionel2923.65,Wn8ApCkqJQ7HJH52elkOe24X088FYxXwCMOb25E/5KY=,aqC6axoPdgO1jOmyXYdN9Q==
Alfredo_616._3,3kPtvxC2TBRIQt4jGMFFrrWrURMcLNbj0I0vFSCysC8=,D2hk6H1Y32VnjCZmQ0s6kw==
Eli709.54.,khbRAjd6WZ4RFgPGb39tPV/vuwExXlLuV8FJdbb70Sc=,SYIP1qAF1F5wX8oh7LDYGQ==
Yousef028.511,0DfrTTwAwQK9XUbPSoejBoyc8eaysYo5m4LKaCrPH4U=,ILan6huVWhZjJHPTRyr8ZA==
Santos1632114,E8vx86BheGJ8v1JBJOcyXqqAnx20EhtwU+fQnAOLGlE=,7FbpMWjX4nKeRxcCJuo72A==
Avery944886_,b71YWxC2exmM7yuNdfOWpW8zFC2viMTvAQ1WOL/44fg=,xYsgprCC9bB8KRPayEtfQg==
Kaisen0279709,cc/j9bF3xI5BqnL9NZTraYMnSyYOy5/fE5dBK17Vzao=,xXPywJlpcqETQwpyPRyV9g==
Eithan02448.4,KdriM3iYQ269slR5SDQcBzOQd0bx+ryl2fsAXyiXsu0=,5NJycYZl6tv2i/VFkV3iZg==
Aldo08.9.70,UIRz19pSjN6/+0276AQXq9gisLen22XOU9rNpadphgo=,Hix7+mfqhS4E4VwojXwFdg==
Kyson074_34_,gDVc2JJbllqih+/OhEjdRU04djokeBb5Q0hh1Yy0KJ0=,maYVi50/AKI1UhSqGvpRqA==
Stefan3935469,E9aSKBFfN5aCcY0hEfhfrdpL9fVV618WjG2E1VMMN6Q=,elqd9TWUAVetYoJtRiQwPA==
Malcolm512.52.,2WsjtWwrFfPhoMnKpRzDbFgYyTI56c8mrB1SZBqrVF4=,9F6aRxYIEnAhDy2BwIC5rA==
Emerson2.59166,jzOcAZ8eZsWKlTaCTzEQOhvf/H4SUzDrZRpRjsZePB4=,DRYPub6DIShbBp27Xbw0Yw==
Hendrix6_91037,zR7xHmJi6ZrIezvayllYsU4PNyixlCiT80F6Vg/RhoM=,WdbdMJxmpLj+J0CASiaGig==
Kendrick7874_53,gbtUj3KiDvaUiMSKEpj4XOWEmVRBXZz0dlVjycoXyWM=,Wz6za/LSJkzV7yXJeas/iw==
Cesar92_0234,6tzQK8n9w2cH5EP4OiS/b7hRP2hfOTJlF5gQ+k+QdHM=,UqZKxpkyFr5XuL9Iy/fnxg==
Luciano83051_7,hhJWPR1w5UILF1goz0QOL973tqklVbsO1sXxir6Zl48=,vU0UZ6k6W5W0t3rJVyMyQw==
Pablo80834.5,NAeSLbXtDvnCR9sAI/VM8h/jYcOExqXQuB+O+b3O4JY=,zpGoxwbz+l5b20jyzsegKA==
Kooper_.5667_,sBFtl9wtnIurYEtG5VO/Ze49Ch+/Abk57tRl8/0pbeI=,zeLOJfchrOL5fjNk7loiYw==
Sullivan_415438,h2EXSbdrAElWYZrokHGSNWrM3Sw3QQ+HL7EM/9s82KE=,IafyOF01FExXxbirrjcAIg==
Magnus9194_40,Zu5pJhmbZw1UX0ufH1oIy7qSn+uhoRVdFABrHrZVD4Y=,Z8mqSMBMl+canIJiHW5jKA==
Emerson__5786.,8lSzfMI+5Qx7fWwWP9rT4UT8caO1OnCn5/sIE15MBlU=,LB9HKi8cr9TX1YTnG/YDyA==
Kenneth.863579,/rdx8jVeyPCthMH64wH0jZLj+gbYop1Dmg+e6d35Lb4=,auNm4qfTfMJhrl4DsOGlQQ==
Marcus4869625,4RtM0zAiHHd8KvNaRa2CtpFRh4lGVSPm4qf3GiBOL6o=,fSFUialfGlnILtwF4VvD6w==
Theodore8_43813,dX38Y2FEkO9zzGVwQKpFESviMWEO1NGqT32IIySe6bs=,l8qq0kn9FCI07nFfFpQZLw==
Nixon100_649,OE/LaUawcsUVdfssgYbIi1NEWFoNcVjtoA7apE4NseM=,SXKAsLz0rZ5KQwZ7sWe5dQ==
Marcos_52_145,peqv5LgNGvoCNPzrkcSIgQw/3Go5SSV65iw5e5b/20o=,tFx9TFmrhrnp9yaa9bVK5A==
Kyrie7190799,wH/X+GDNwcvG2zJQ+W/K9TDe6lkoEsqLDqnqXRWjPbE=,/nzczIhIgjRv/bVUmfDzfw==
Anders_208417,Aho7CbaeW63EVs+Ff1Um5sxPIhCp8ETmSMp9tSWw1v0=,b55gJLpq/hLl3scJx1R+cA==
Rafael.._8097,9W8d78Ll4zT4cgCbQUUZv+gX+QPxRFWsFLMRoY0+TNA=,lmWKlDdD3X6CR6Vg9wdgVw==
Zyair307.647,Vmt9v6oPzxy1SbyLjVEyVZaXRP9SCbglcslM8fWzCUw=,LrjDFn1WpUK4zYSxc4E2Eg==
Keegan0266496,fIEC4c+fCfE6LuTzpHUpLUyI48iVOpJ/iksBs7YP4tU=,QwXN8hdVXeCrY+A1RsSf9A==
Thomas10105.1,VwlF6CjBHoMnnsKGCVKqh/G75GbzunFuMtrLcSFmJNI=,s2OCM+3GjoXdhUapV9I8KA==
Quinton..98134,SMywp7co1F0gp0Pfx91GLUQq6om3kKy0wdoo5+APSVk=,3ivbdRVymNIKqgqijGzlgw==
Yisroel_65_9_7,y+Iz4L/gSL4IvmK8W+f/+H2MqYsDLEdikQyPj88ISSs=,zefZWXuF5Tkp9ZXreEwptg==
Cullen1881973,yNAbCy4FYoYrhKZgmRQEsPH+kAJlpR9A5vRAJmFK+HQ=,W+bE6/YuvqHJv5xAaqhcSw==
Zachariah0119415,5AV7rMaIvHQvcwWf1uhzlpBCkCIC03QJ407fqh2wMdE=,Q6EGGw4pGiX+Ggur9q+mlg==
Ezekiel1860769,80rHVliZW2PyKK39tl+LcE7p8/fqKXUxCj8axYxjhrQ=,k7aCCC83bmPjMehn/iOkXQ==
Jeremy7640398,1HBUBl+P0VEaW187z2ozRGEyXBJpwl8Ak8V4TZUD/f4=,gmhxeT2XbyyZawxl+KEcIQ==
Enrique0.319.9,pbB6tB0w36O/iOPaHDq9/Bq1F5v7jWKbTK0OJjQmmfQ=,zpu44NsLbIpCaJAUvprq1A==
Dominic4..8495,iXaeez/irQKO/2umDC1DwDO7tfh54ylczp4ruJ8nmno=,L/pEO7cFADOFNjKDin1QOA==
Leonard2234696,Kwjehovkl4IIekblW87TtHTRWeLa+G2s6QbC5i/iNeE=,EZsQsxIcsI/8bM8RUQmrTA==
Nasir35594_.,PHWou0OFZ5Fk963ZRJNwUOJOuSm3LUYrfDiLvJnEFss=,ACCcl239SAwJHWOBGywC7w==
Ricardo5825232,HW41zAPCxPwLwy6kONBA3g9GtFYeI5L7P9pNgk2V6Bo=,JOLAUbd6wl/j9aBaF6Z24A==
Yusuf.041084,lVzLQxMZBuSJxw3Ji4p0jAYBZd4CfJl8uq0Pq2PVSLU=,oG8A5zMN+QxGjJHPrV4Amg==
Moises472_061,FkcpkrKbQgXWl+2c5SmZsN+vroBPTslpdKK88bukgzc=,slGa8lZsViazjaqqw46TFw==
Eliam612__1.,6+IInIRE1PjZYPcimZzzbuBVbto57dGf7vSpPJ1nz8U=,2YN5ng4BwFvTH1zrY0DURw==
Layne81.2.95,QrNhyBKO2IdlsgrneW8Defj+24Rq7XwFLuOj8n5cNjg=,FMVjTmvyWY7hDEssrir2iQ==
Kyle.802622,2bJd7hjBA/NAHyTtIdO5fef4WrHjbx2Rp2Ml0Cs+30Q=,1dkzjrYxgTeNr6GkhdO1Zw==
Ronald_013948,oJbqEf1vJcvBWa0JZTOLshtNq84+F78MfymjFkH01xA=,JanhgjIrNIHE/rgzxm8cPw==
Quinton77.026_,5891j9l69z8qOHLhRPCMdVuU3kiWdc3pOaj02tinSBo=,YaPcGyqu/DTJ9NpSx6w2ug==
Izaiah.___54.,I3sICFFNqIwgYhQdOjCYzyQafETfNykm+Nz5hq719FY=,cKq6gXYCmSqFnNe0Ldbfyg==
Jovanni5.42039,Duk3IL7/PvWqa2loMjGMAfQTag48czg2cfNyiIinSq0=,gkxHY3yp7GOBX4PgXVq7mA==
Theo_45_33_,XC9PnjdUUYZLFUWln3T/wGWq+p5KpU8pkG6KpBrPJac=,662K9dUr1BNA70H0nSsJnw==
Marcus0_26324,hqIHtgZhFnXsCEa/EAvHodT0yh+yD7ZieTJoeLCc6pQ=,H7ojsbtmC5OVQhDl+Kel2w==
Devin753306_,y9qCIJwg1UPXzcKt8kPQ8hT9lKJAhz4rRP8n4WYst5M=,p7YEFX6QTTJQKBbx80Fs1Q==
Harley0116442,OSc/6WyTLDREm+++DO7o+UBaSEETws1HMgYeKH3Ca0o=,RHvN3EP0N6JvlzBe/FOiRg==
Ian1770527,pxVxYmQmmQ27IzZRSYIwe+QHvRA/Mgjw58Xh2bzNgiQ=,UrcT6a54ilQPUajTYiGpvQ==
Rafael__99_..,T/rUtnDuvgN+LOKlKRgvlIZ8PzGumPp8b4DN1+m1SIA=,A8AJCvKXzC4MeLRTWtGTNw==
Callum146.650,TDEi/lKv8lw5+9SJzLli5lvJrWKFJBxD2NKUVNiKIL8=,XAKR8opaFLKFX1y1jCz4aA==
Ryker8464.70,8OSBnhBa91p29CRJ6SEvM5/GPR0NMBYh0JuTxW+pmUU=,mlqzCmGPyu58GtLStYIr9g==
Keaton_935580,D6bUv5DF5/kB6MmvreDxvPZj50OOzEHT6jJ+XtNZC44=,31ElAUbzP53BBsCjwO9ueQ==
Watson007_5._,jj4STkCPwVGDAV1/qSbZPCsTCH8T11+XWkdRXcq1QaE=,MWs0U9cpqi+7CheHXwo2DQ==
Mohammed2.61134,a3knZjgZNHUpCgERd17Z8SIUr1xYtR1ElJ1EIENg1U0=,5lwHvPfPu/MzXgwBwNH61w==
Riley_83_879,6/oyVSLfuv/W8wqtQHOnwL1jkWfb1bpCr43NMwfJ2bY=,aQecJiV/ZMjvv1e99GMkyw==
Musa.4866_.,fgY9I9itWQzEScTtEcnrjrw+LWfY94h5pzo0NhCjU9s=,CXEM8Bj52yhaLvol4G9Pkw==
Dominick46_5768,RtElnw4yJAWTSvY/jynMFNs6QTD0V5q9Ru8B0u0chXg=,ZTSLARXC6DI4V99qODDixg==
Carmelo8351._3,s2Ikhz/y/k2XNuSNz3VRERYR7ASF22ZEGDEZWAyZSgU=,xpPLPAlUZYKRcx32oDBg9w==
Brady1271450,0QzesyNBqPNGgpwk8pBhJaim57HMXJ5BCwNC9WrVN0Q=,c6f+Lxt62WuCiAVHtOmnWw==
Azrael3_0835.,KxVyFkgG5Y43DlcbGG+uHPy1DW0LJeOuivuCD7Ht4iY=,YYsIw4IsSU8sXtEAH8x20Q==
Cruz6398253,e7JVf4Lrdx7lLBz0cb8oYhnsyhcBH3doX4W79JCNjdQ=,9mOig9u3pS4Qeiulc+EbpA==
Callen3892204,dQGohW4nPOv+0GYxn/Kn5NIODtdP2HzyEVQYxudF4W0=,7P9oGDkrgYUkOl7R9yWlDA==
Colton0.42119,8/zgkgnVVOBFtdR8lCRm8dHdHPmEyhcZvSo6MEpS0I0=,1MtG/H8qCLfo+G3GPPEnlQ==
Leighton393.679,b4qvZzEIt/A8dYYGmoblS8O02HwVq462UlxpFy3iOn8=,+qDkrM9t7kVbGdEV8fwJHg==
Lux274683.,w6y9dbkGQisunkyu7LEtQTZo1Z68og6wzheDnSfw9zw=,mnsFV8hYAUaku+LpyDOQOw==
Francis_.54_8_,b8FPuBaRUu/+HOtOlpaTkulx6GeCkHYzji9wq0d6yQ8=,Kq+B5kRYAJNCSBLk8/BxUw==
Royal6_5862_,LQTAFEPpiax01csk64qxhXdIsAF+Rfy+D14yEmOE2AM=,7Hnl2TXyGpOHIZDrGY4bwQ==
Sullivan_189488,dvsQ9dKIl8v2MzlzxeJ7RDSpD7sAK+qcoalhvepvbjA=,EgT4RqBipk2z1q0nCeNruw==
Carter9_267_3,p3g9TDqu3sVL2Omn5Sc3QZQChs1vfo4EZUJIo86Kp08=,zvPltAmElS5ZpkDtaye4sw==
Nicholas6_11428,NROSvbeQSWl4Xi2xUaH29j98mTih7yuNq+3Petwm/MY=,9TQ2beiBBbEwPPjVBIFJdQ==
Leandro3_91698,12J8ObxT7Zx0DNK1bItkVoGb5ZnA2HxZP7v/p0kGBE8=,BBHcT9q7GxT1LVh0tXkXZA==
Keanu5694831,IE7x3wg3D4Rp/vs9wQtmYhzxLNZLB5IT8HXctHM0o4U=,wcYkeh0A0O3CNAjsZAs8gg==
Ryker_412000,ASm7WtAOrbYnJUB3lvB8DMVrF8iDzerVzfV4ykiPtzk=,GNFk5jS2EJd97swELugDfg==
Daxton4887521,a6887uhtoHObRt3RNzzuLgyJ361ebZHMDb/PFrU8big=,ykruOSCzwmRDULFDjPe2DA==
Anders9134616,mJbvXtZPWBvXVbgydJ0p5D1lhHA4i6UJxPzgT6R6D78=,7MPqrI2sR/oxsM9b3H3JpQ==
Lewis_089710,gqhXPl0XY+RP3b9zq5XHldVmO1PC9CcuJ8UNSvrJ5hA=,5Qn6kb8bkyD93ElyeqNnAA==
Gerardo9137..5,K0ylRf92h1HCaYA48MMZZDg38clS2CeXHvTTOwsM1Fg=,wu3StdBXN12ZUlURWVmhgw==
Blake453322.,mPsos266QLPWmKhCFN/Zzefy/xBF2BHtHdqkvQb9268=,bzanYjkWmkLbBHAUDUY8hw==
Everest4309550,Afe+ROcFx1h56pTEw33lN/gHOkPZqNOtr3fGx3hLIe4=,x1plj6mA+7sDx+tYYgQFDw==
Christopher42_3658,sRP2JY1aIhUypN5iP8JF4vt0ucpZwcvQGRro8shdHwE=,Q7DaQyIYocfLlp5ZFXNfwA==
Major6166_04,iHbtOWdbazM2W5uGYuAzoTOa+egXyQvU8ta0pHwXEwM=,QpFUDYOAqh5Z9yWOGZzIfQ==
Bryce2.257.1,UOyheqvhPt09F9qVplz8DQEm5F2ssz1jdm4hBCEgock=,PCDauwBEUU/sen4kEqw3iw==
Rowen9_44684,QbkEBEDMLUFbUm2Z+bO7wnzmBOKhluSWm5edlTh2OhI=,9np7G3uS7z+6GJXfiCXhsg==
Joel9428_9_,3ql8GFFRf3eDgj/OeTe2bND3Ds6OFWc2Db/GvU2qHdg=,wvW7yVfnZeJvfu8zGQOdOw==
Damian4100838,h0uAZnJ4+cweBhzVpnch25Y63RghFo49UqPPKqzyr/M=,A5u5BuEQy9mvUmDSP7IDVQ==
Jackson5_804.3,cpxz0NQKc8bqdxe05MM7w+GpfsAIKo1oeqQt+eVNJ6s=,UX7bpja8ifezU5nNEXeEvQ==
Santos_567031,axXMKCM0iqqXIyronHRW5ffJSA6UV9fNZEgZlr1EUc8=,JyP4CvJI8zWvMaCjXQIXAg==
Finley.05874_,b1RpV2Mw7ytJqg1GLz0yfqtaqA4O2SAWIC6I1vmlg74=,QGHnSySIoNl+PiYpkrR+SQ==
Warren.782329,NuRkM0/vq+TyHWSiuAIsfqaJCs2jvIPRz+eQePG6MKI=,/a3LqqKJ/OsiJxfv/mO9Tg==
Enrique7411416,finIiVHWO7dburB9l0oomtJf9qOu7oPnVW9nLElHKoQ=,ZLkGc7HIwJxIkUubiyOCAw==
Hunter1233872,oJaByC5uN0WbH5Hxn/wpymqHzALsxgbM+CpB3k+fvlU=,gNxBFSkFhx60TmBxJJ5QSg==
Pedro46.9__3,MRgz5lGeXff6YHJd7gwDYD8L3EwbJCg2T02uZ0914D0=,T+MaM8fz3nJzaHmoVTuVFA==
Asher2170054,CQex3o//3SNHhf37wuHeRx4xPgRescsqee/T//oJ9NQ=,MxVHB0omTLZsuTEV+6CV4g==
Boden563655_,S7s42xf7ulFeRVdtx3ciJ2jbBiowJwYQIbGHH7QBU3E=,8mXzXeg+IZ5TChL7qubGzw==
Judson4395320,rsdb/HzmH8zKOW/3kZK+TK7ho5DzfCLYxBzpELEbHX0=,twzFnyyZFK5x6X6R9nYW+A==
Calvin544.34.,2vdSZQAVxBHLPCsWf7RjEDIDZyxr8TQfYz6OkQKSk2o=,7hCub1c23dc7/vatDwr7ww==
Troy0323118,zvA/p8kLkX45fAwxzIvZsnJ5L8Cvz/SreMVM45/l+/4=,f+U0/YXs9gORrgfX3GvA7g==
Dallas0659980,c3sN+c6wvlusnVwOKeCQENjqtappRlXFILGR17xPPqs=,NmSutivRjL/RCjTrt4nGig==
Mekhi396131_,u9LoHTgnfODM5YN8JGg+iqREy9uZEXPtL0IUf7bhnNA=,rIAdMuxrCiMpRNK3TVGJlw==
Elian2_165.7,DZ7zrN8ndgnqIWQODf4kTrRDS6vU2SJq3LNJ8ed4VAI=,WRSzjoN+J5ieZSwmK+Dz7g==
Ocean3_43967,jQtH0eYZoUlKw8HhEJGTB+tghYDrNojW7tQKfdqhA0Q=,mYA4GweE5QseGIFpZuRihA==
Theodore3992.51,ZdZnURfu5u8lMnPTXDh++aLC9o12b5YramOdsbIWARY=,pUvWAespW4Kqf4LGdT4eTw==
Major2479511,v8sPNGuH5ZVEolrGAkx4KhtRZ1FsjJfPktB7bsHF4Vc=,xLSkFYz/gcXRDg8BRw7/NA==
Hugh9307_01,9BRpvawSnSL55cv2w1cKX0dH6jiejwxSUILySy4s8NU=,2r1B06MXfYNfNRMP+rxhjQ==
Trenton08_..73,jm/2MM+ssG0iLrdbGnAgBWRFdU6NYYhf05rOLTVt6Gg=,b2ESpopGYbN8TpfJISKRUQ==
Uriel6072_80,aaNThgJsf1vw0pI/PpRnb42R3dw5p+oR8CRHRrxHrjQ=,2iKZTWu+y+5c97q34GPmoQ==
Colten4_07_29,X4HJkrdwy+O07V7d+yivklhSmYg2AMEAwl28ruuz9go=,q/VVvZcGAOKP4fyEpxNshA==
Juan412850_,vkjKhInyC/UCQyXxwOBlJ37sIbvOqEcjlQ/OIqQxI4c=,FGtbHihSQwgmGJEo0ol3QQ==
Mac109910.,A0V0CgEZQIpHoZ3Tn0QDjtzs5kB4sQYcn7UeRKwBP70=,onDArzIzjVEBgMWps2P7qQ==
Leland36.5744,IVqG/9rmvsQGnUULP9v6eorgu4gt/YToqdZ/QbCjAUQ=,WaIST4XEs4QthyekQFIyZg==
Atticus1374837,7ejySfl5O7gwvwuimcybBdQySJR54CCi9mG2dOo/bj8=,tziICLe6oruS01v8Jw30WQ==
Ronald.22.5_3,B6Jc3bjNfFeZMezKroGsqJx3puFd/OuQoMWJYoyyzAk=,x7IGvZ1hJCxyZIGLzuv88Q==
Ricky5.67955,skc6H1e3kOWoAK206Jh/BxY1HbXvFkBz3sY7iE+iNhA=,aLhT0QxIek/8ZDSRmiRPjw==
Kenneth.082495,RnfraRrilBv1ZEuGXsg0CXF73LVYzvILAet//Ey5URA=,GIvwglUoEuWTKcpF8SKFUw==
Dylan4637_.6,bryTJICtt9K9J2m8ucLHmo3SFF4x3TmoXb3RmLCURMA=,ih+02YG5m2xm04Q+gt7Iow==
Jose0903_30,5j1IS8lClTWpF1hgUdUZTrMwhz9s/GZtat3ksro+Ijc=,RH2ggymMUTM2L17RQL3frA==
Zachary_970824,4Q/FlONg87KcaGhbzTrqT5dlBtvemxDfnMcH9gOuEdU=,ZvMbLdiVMxhY5PuElJ9uDA==
Landyn06276_1,tqdUjmd4z1w01QVZiHI3HiLnaULVBHx4ZoqaBTtxQag=,mKRT5D4AOO547u9SKDUxng==
Dakari.552326,Z5NmSfjWbGutfP7icrQfw5aiRKZw+ACj8Lc05WMOljk=,kYLshmEA9KtqQADxFSgMwA==
Kyro11__532,/QTbt4Yt+tvl/QZDNISW/2CToOT3SD//NjflqrOaAPY=,kELh4yyANdWiHZSQkinhNg==
Kameron41925_7,tQNwUqRhlP9prG4jiwDxDpjd4M+YWDBujh90IHzWLSA=,nA+6ZrvKnT0GsflUVcZVmw==
Arjun3856597,SC4nqJ6SO+42mpv60U3Li7VqSTCLpExiP/cOE9F9Tkc=,yRuVezI3AQfuaso8vJmrcg==
Emmett_06984.,k63Vuh6QZc652yLrhlXt5FXHFVPT+gdA88hJg62pYqQ=,t9hrJ+JC3egDH27IY9psSQ==
Evan.848750,7ur7ibwXBfvNbFCZ6spc1TAOgarWnzaHBOqPB1NZrY0=,xnB8n/NnymV1TX3+2A5brQ==
Dariel2467.80,M3DD1hYr9QEGPl2y7XfYyZQfW5FrxjXsRxsE0v+qu2w=,U6ZDrBwDlAWcebC7JrIM+Q==
Wayne.201872,G6zwB9rND8sheH3O5uuS03LDevY1pz/1DXpHQY0BtZk=,AFLNfkcfXGNYunO/U6ZVEA==
Julien8_43929,L/GOtAkLzXJZ+N6dj9+26KxQY5qR4CFInpe3dB1FwOw=,wm0Cu36pVjQnB5a5XTMr/Q==
Ibrahim21__9_1,CLfKCAi8agDZC8MITYnr+zE13w/B7z5PhWc7aJpwy8I=,UBN+GWsIM7YaCeGhxYFa3w==
Andres071.463,7a/X+QQFcq2ACnurNo2Vs/pmaxrSeKyfZKKZkpvyFec=,Oc637nzFmCY2p7oz8+aemQ==
Finley630893_,NW/S6jghSiHMzIqx348lnwtTRZ0pbIyN3BjUWSux614=,m+oSv5w8Y/2u57foA0bD5Q==
Ari_6_7..2,9yDX4mvRRDzt3Prf8ReIlCeHCzpxKR2AsSgsdPKIkq8=,CEdBCRkgK72PssgFml9+Bw==
Dylan7_69217,unj1mZ0OmaDtNztvPTqdvgOde6HvUycmtlGoxz011jc=,IrT4zw6eQ6PKRLETY97sQw==
Kylen0993520,loewvby11urpJmoLW5hA9dWis8GaO5D4p72/mbbMNvk=,464UsbcuF9T0S3IiNy4p0Q==
Davis1644_0.,S3Zvbt7+6tvZObB01OoELAKSgFnz2uBRc9YiWXSECWk=,YMsaCtua+aCSYvRLE3wDZw==
Jamie2._0284,fDXCXeMZNc/xojWM7/inZGDzH9BBP6u2QDD6SgFQs5A=,rfOOYY6BYUwg41lhcmereg==
Zechariah41.2832,Twwhq5Lm6hR92VPftf8pYTZhTRb8CHG67phDl84hEa4=,ZZdB/2J2uxComrNA7fwuoQ==
Dario6608601,umTkwolBV6qXZkrr4IY6n1Z/WTQBL4cxkGD9kAqm7H8=,+O7PMYnMs1xo2rRWc7ay8w==
Zion03_82.6,b09oEenmvOFHCbUBznviGhc4sWzAy6AQurIAbSZDiCE=,GzkmgwgtRWb3XVHnA7tBYQ==
Ezrah778473_,r2+pYYuBO4PlVeGXhpeYMRw8UV3BMyQ6tTca9TyID0c=,fJjuAlyhNAiIMPxFJOIyAg==
Arthur7397323,nVlk+bQrlw61sEmhXhWkp0nuGt1yU3kL51pIgmSsLYw=,GQN3UI+6dSqnNiCXPVbaEg==
Dexter3246595,L89nnvJnSB7slvB0UMMmgwClexAfbC/XgGSniok+szo=,a+yAtKJL1x0ucTO/S8yUsg==
Abraham_138712,Fq+8ahz4LHT34QflQYM04GglZLDSntDI56WK78x2Pq8=,LI1/noA5isz4i0T5c6uitA==
Joey2186_55,oVBZtxfrbHfXJrDZ1eIOK5jhf2mYXHtystQ2pWe8+3Y=,1pBWU7E7xaC8EOXMoCC1Zg==
Kylian6996564,FzlH0PoLtRCivgig1CNgmb4n6GA7J3gxCkQDg43taMg=,xEYg5dCk0SVZJwuMHpxeiw==
Brecken494495_,10CnmKpXWsqFtZ07ejFwjPuByHBHXDlXZpDS9YeKdhA=,t8jjQa9hd6hOYYMbdHkuBg==
Liam7060977,JCwPLgEJ4Nc5jbhfW6pZaTrfE33lEUuvi+znGT7dTyk=,lvVr9rMEQaAY+olvrPa9Zw==
Israel59688.5,l6uHgEt+JPUUFPoLXwMCStYgSlHEAUGIaZpB55BZie8=,lloT0qYI3FU+Z4OCvOu3WQ==
Owen033.600,+E+oZ0pPQXylCLi4cWbL0KJ0a/kbHsSzZcw4UOQOEzY=,Zf6LnP56ICUhNajGqLKx0g==
Darian2_09339,fpezu/Jv/VMCVVM197PBMIV2zAI8aV5VF9bBG8FA5PY=,aYA2mY+LC9Vfzlz8I/531g==
Jrue.857193,29xNjws85yV1sbcAkaziRKVSMo6J/nedvXp3ZlhPNTA=,q7FxJqHYMSl8AezQG18L6w==
Tripp812_407,FeyRg2TPKzYZRFCVQ9C9iMdSm1wQpx/UQAXIi4w1nKQ=,/iH8w6vScGsDxHc7ibwmVw==
Cesar5_571_.,VcuTHYOiK6jqi2VDZldMt+XU7VmS9WP2Um7b+Qqol1U=,e2ri/a57ipw3mhUKLj0waA==
Raymond2767195,iSucO4Drat0aW7oMiRcokrHtEsA+xsz8zJsBwcu02YY=,OPFPo9XgsqsHACMAzPMRhQ==
Mateo721.465,q1Xn8n3IEvk6kZqtQRmSzNeVtd3a1URthd5Xg68TWNg=,shiJ00cRtlzwSBgIcWU6pQ==
Blake7229277,Psi6bFtATARfMHOZMSyuCe09UjfpFZjs8AGeuX3H2Go=,e+TfUVh5tUfChPwoctL7jg==
Mathias381967.,WBDAVDJwcp+BgEEt3ROAx+AXiHSOoVx0IdyhF0KYXYM=,BklfgHiHC6US/8oshdnusg==
Idris6.97863,iPCiZV9/hUYJH53JEfOWcRiTMYSLKJvcokKxcTjJQRk=,Wejc2R/3pfQ8cfNuWeFZEw==
Huxley3_98606,RccfCZh+fI+1PXpXzhKvg3FKR+dc7lMx8oM2NdDDwAE=,5wlG+tiqimHsSv6vcurHsQ==
Wayne9449.27,r/WMyAzznGB3Sz0Y5TiGmkA2lWwpV/mlhHe4HOX1R4E=,8QMWo6YNFs+E2yaazsyKEA==
Boston655.049,vjKkcdjg3/K1PBuVepPuyZSQmd8mX3/3jz6ksZbYSLg=,qXvIrxhWkLlpoBE2rjDH7Q==
Kayson785.378,vyeMNadgDgJ3Ty0U5271Ysg65VY3Hgqhc1ygnHCMMuY=,odex/MSiXEi/wX47k9uBoA==
Archie039___8,G1vaf7QM8fsrhLHAkdSKrTPzKRP3KzTuguaEjfbEOns=,MBiK/yo39SmXmob2LPRRXQ==
Shepherd4122600,6ocqhxb2gjWc9i+xAjDlcrUOE3JPMFZfNswO5AdrftU=,VwZLGTM7oHikyKwv/DC+SA==
Aron64499_9,WSpqAV4LScB2zVZ+1ZChNfl9Fnb0M/yiP2MntgZ3srk=,fkSLvQoaIEZB/ILaVnYxMg==
Adan_762_.0,zPshKH2vA/qM+urpzrJyRfO5mqCDqkEvr2WHT2U3p6U=,zJljAVlT7vDGxBlh6DQmhw==
Javier33_7953,nU0hmZ5UTNtVkxnR7MgCXFgq68p1EENBMNbeANwW7+U=,HvyBMyV36+vS3f4qCAX+vg==
Kevin.4605_0,REvdBG+UUYR7MrNcXT/wbzDgOUDHvY0go5ndgV3dcPQ=,Pcl8oVn/gnoXReWZB5LuRQ==
Mark.740454,VZGNv9GyxebBbMVHjdfPJQrGhjvpqlY0mgJFlcLraLI=,1OWlQQYjfFxf86+IW71taw==
Benjamin.709113,q9SLNuQN0tP3oVdXqCohZ/ppRmaidEES4KFI4YEw4H4=,nFE+slaYUA0OQsw7om7fvA==
Oscar_412996,sSkdhMOyfgeawydrvMc8Kuek5yTQwi43P7OQD3PG8lo=,LH8qhs5PaOaC6UmKQ4BiyA==
Joe2270_56,Iw6dp+fQyDJLj26ZY4NjEU8LG2gYAN9cjqXKnTIVStQ=,ia3uTsky3Fq5ynr2fXxhNw==
Dennis_634760,ihJZOlURCBejqzPE+NbjDp2qO2sIUGgMt9SqXcqAC7w=,l7yg1j77+cRbRl+MhSZyrw==
Mohamed6605456,b95KSGKGETa3oVXFdeIjCTdXGTcWdE5JEGyc3C0yMF4=,vX8T5qIHjgpUhP64r0aNBQ==
Bellamy7863_17,U0yraB0JMhkxfR/TdTmbFuipEqen8GU5qPx9o9bPXj8=,OcZ5uqH9djsTcfIfN2RIbA==
Jorge.3722.4,OMHSWMqCbytjENQ6uFlDX7wHMJz8r8odyjyxqylZVrw=,hoOhCvAK3Ayzl3zhOv2lsw==
Camilo38855_9,g3o3bYb1i2emk/SV8Q+Ds4QyMA1nCUC96B8M6s0fH1E=,97QhQ2n9mvmXP6algGoAIA==
Kade7945264,6mQfwBbM9+GwypCliCG5tTri2NpN1c6Zb09N4ssCJwE=,3yc7kzrqFKYvAwL7tSVWjw==
Amari5741573,C8HPqv9iN0WTHjIgEJSmFwCTnwy4FNJ44cpismI5TAM=,oT/ZM5v/CKv/gg24DfhTlQ==
Damon32.3851,+apqFFKSCz5XuM0KuwApfrwMoqRk4P2WvfqnId9mKEc=,O2Gqxtm40Vc4fOjHFE6cPQ==
Travis32534.2,2veCS/e4qq8+y4E5AHfOti35+nnnBJFIgCzV5A9h668=,iFu+Hmv9zSrO3RJ8E74bPQ==
Jimmy5_82338,kDchKFacgTsPz+xHMwO4LXMs6kP33k/yvorxWrEyh3w=,gh+PAyNkpgBt1lHvL65xCg==
Braylon26_.526,oUB2B4n0y4JH7uu6ic6K1d+1hnZcbuwbS/JVS1mJJO8=,Gls3gTC197M4bZViy9CUqg==
Adonis417.675,RdhF8ymTJsuiUqKYTQN6r/+uQcOm65qi843ivoBE1ps=,dxau0C/qMZubcnogz9ssSA==
Riley.446_66,yoHXv5Kx40lZECsU6JZg3XZT4ultW75XpMd2BugioAo=,wZodosWnOYCYYwwPNd/kwA==
Jaylen4098355,Y6NZ7mIKjalPJamkNHtJxWMNmROU5fv3KrPMvC0oJwU=,j0p0gHMIEbgaEEIOhhSEPQ==
Banks38071_8,LdXrRoZQUl1pqt/seRvbyQRvsFSe1E9J/85ZZk09LWU=,fk/8qdTSIla8jWujz0Tspg==
Mohammad3858211,2HxDoPLXeAhF90l7S6TOFmipzEokVQPQenKbJ9JsrJY=,LLaI+/gIu+xd+TGOaAxPzQ==
Tripp6__155.,ZeadEhH7Tnt7v6NKpG6/7k0W57KbGAPtiSdS4m5/82Q=,Ez3LtQUYSdtPDU/b1wgsIg==
Tripp3248467,lYxtnDESx3EJyri7aMZVpn3fnmyfLh2BmsN/OGqNOmI=,/yt5u5YHoMBfGi5g2lPJsA==
Wayne5190028,+/8tqRX26VSzFCedimGrW8NHtd+aWVCm1jd5EgCkcD8=,w/jln6SyYSByindZ4JQEkQ==
Cameron4236_63,/W7XXkT0T7Z/aBHqR71pcJYufu8HytvJjuEMYCLPldM=,eRttC4xd2fOkABlb6cfTlw==
Stephen5210.3_,lOzoELWds/JSpuL/YsL9LLI1xWDGFTlfYSY60c17ID0=,yy1zMTTa+4997qhjb5KE/w==
Malakai5127879,JWsJEDOVY8WIR7YZqHdw6SsB4pvPVS7PZbxJeQHNhcw=,nW8fC0ltHoGljHOZ9BJCKA==
Kaiden1514_5.,ksNS6FhTrXqdet+32xjIC9SV5chbrgJkfAtocfICfgM=,i/6vFZrKEF5V3KK3NBDfBw==
Bryce775.0..,lN/KK6ayTnIfaP9cTvpFMff4dN9SsAs92h4KztZXJj4=,f1uvqx4WUn1Uc/Sxb5UyCw==
Kashton7_91319,AVwRuq1gfMJcEg5Vq2MF3YuKUQCakbmaee4jungOF0Q=,+B2jwAc5L66pJKGGfJLSKg==
Francis9_.0574,BHHMPYbWIllsRYDnCxLO9K5fxmeqzZqOOro5napp69o=,04Mao888P71U39TCfuCfsA==
Rowan9212022,G6oCO2s/LK0WvIsDlqxl9my8rfvTtwMdKlbGV2iSfgA=,w3h7v4lABHHyNLe01X2+YQ==
Felipe_593166,5zYGy4bXNHHNSHkQlRmoc3/NRm0a1AVlAmdPlLiA0fw=,KICbiUUelC4V+syfstP+QA==
Joe00054.2,/uTtrVbByru63VhGoBgKnFAJ8rI9wOyWYTcjIZ3poPw=,pRdWGlaWkO5wB5kdPExrVQ==
Zev2.8_87.,zepH+uT/guPzXb0VMUZPdY1DW5tCDXhTHL0D7C0ndHc=,gkW8nfAFM6rbxq3/CE8UXA==
Dominic8798825,T5hiXW84KRtznKkweqKBivh8NnB/oKxHLKCPduuplwg=,7JqmeWNbEK95Zq9DWH5EwQ==
Landyn160159_,QT6GQazNYdAQOztPPRZZ1EwEu57otU/09yvEsuPkRJU=,Pr+4DVJrg8ApQ2McBhzIlw==
Jasper2257326,E73DXcvjxP16ZPO8co4w69+H0cGImPlIwFd37esy8VQ=,fa2cWUfQYQzOxo4ifVcQ4w==
Zyaire4515192,mA1yLecU1e+7PqhUNVml0PpqjSuT8farA6Spg5nphsM=,ya8FLuy4VGeoGSQqRiqApA==
Rene14394__,ge0E3WwBo9N0BbZfMBpX8OOlN4oSW5Is1PFgNiT4Smg=,+v0fsQmc4dSuqOqeDymR8g==
Vance.8138_.,NGrTyeHWJa3UFq1PxFfO2tNJS8mfQRWJafrSCLudxRk=,wvWNpcJULOIo30M04f/duA==
Seven3660259,+oNjOd0ntztyjhb17aLj2z6eYJztSA7Uj0YV5G0Kyrg=,5/yx1YyRkZkfPeIBAtjLnQ==
Skyler3.48225,NUXDp1odyJehg5vNtU0Vsdy+ZYISbFdaUvpOr9MJYDs=,bTLlg/kGjK46Goq2u3JrpA==
Amiri619777_,l3IUkTcrrv/ADe/tPEZM2LkcrW6RZxktfG50uYt7XqU=,KCofEQ2Lk6O/YvYWimGjog==
Rhett99.710.,8klR+mCV+eSNtynvaugf4eqIx6wE40cTYsMC8kOrnlQ=,uKwG1IfdBp61K9Lk2jAH0w==
Danny.468_0_,70QrT3YEoF5kUh3T62VWtOzPbEUdbjnryWPKW28VJCs=,reRaz0pxgidhh/OmXecSaA==
Bodie9.73075,s31fnzRUeu0nq1XsNxFUugaDwgwBxU+eaT6fMR0xs8Q=,LGo549kebhg5n8DmK3x4WA==
Aurelio97435.1,HcW836OFGRFiIGJGmUNzMKWQKjyhERlw+54Nf71KAEo=,fRL04QYunvwI9MpNvVNkNg==
Brandon84.206_,p+0eHFLQ9mIgDt8fgxOaJ797ckYz2vIwR+1akntJf0U=,hfkdmGycba8I8YiN8YicFw==
Ozzy502337.,mo9YYe7CYKOwHH0hYv8ovrdnwJz0Qqa+RYIMzVS76sY=,DBu2CYW1wuxyBkneFRGlKA==
Mathias65197.6,vBJd6ag9u3ovHdhpJ6Bm3+Y/NAxvcZLYEBIz4w9fwjE=,3WRWNzz8+2nVazdRy+ofGw==
Neil386209.,iWqu7Sas0vnXvu2HYJoU9zSSL61psCUTQJL4gpKHFdU=,W9Gmjn+ynX+KadB33G8mvQ==
Mac9425626,Qmos3l5WoSF2T3TVGpRTQmmV/W+uJ0dZq36jJnJy9Yk=,fsD5V9ckr9naP4oxR9WwiA==
Byron0491642,JFLKsVlRsHjj27+ShKmymcFZlxShK1fwr5GWNms5xHQ=,r4AVWRWzmuqIEcN1rnvcfw==
Colin784785.,gxAS814WHdYLjwxB4jNncjlBJ6miF7paJYSDR9pTHHY=,QUf0e97TM5yzHRCcFTG6BA==
Julien_054643,1KEVN7ExOJnJJakzqtRuMlgQ9QcPcd7P4Vd8MzNufy8=,s9ziUB3Zj7QfDRgbKryvPw==
Alistair3520803,AajYH1NyR5xYhV99hDAhIFBrNMU9NdvJyPtfXBxHGPw=,jvZ+tHa+H2nTrGV59gv6Dg==
Tru82757_7,+xrS47WcbcLvVh51RZFd7PtKeoI34A5VqjQYyQGOz4Q=,hsCOnTkWiFNtMI38NH9IXg==
Finn3.19124,a95w2Oo+0Ifz75Cb5sStHgJOibKbZf+mURlBBxaoEDE=,ygMiP9PCoSnISCqgF/ZuSQ==
Callan6258629,NfKnmh8HyPG2t+6vt1HssRI9pjDLuA7qIqXM2s9CaOY=,1FkfNLKWEHJv10dNaePOcQ==
Zachariah3462621,tlUtwlORyUiTx/YQPKiP50lPnJ09ZLerXKqxzpGBhPU=,NkkabPJT+NhRr9oKrV904g==
Agustin.61.6_1,staQEBhYg4kDAw4AI5yRUcZ36/3ZEPA+l+Z+iglOXP0=,Rgwzi2j3CoU1RrByZIGcHQ==
Warren3868.51,uJjHj4y2eOgzi/W7GexVhunMNT9g4x79za/bY0Go2lo=,spKqluUL9eeE9WAJY8yAyw==
Giovanni3.6155.,Awi0eSSYBrhs+lA/Yct6WbZTTziZ5rw8cTBoIXfNfS0=,HR5THnY5RJpY1TMuBH/ZhQ==
Luka65_.603,0xCY9IV8Z9jKBUoYfIW4BixDXdE7gDXpwwYQbOiflS8=,BdT+HgVsvczf/P00KNVyig==
Gordon1.42.87,1LYazmMD0HV+bPsUCyHcTrfTJxI677FfBLw4/ZMyTKE=,Z1Gf6YyX/aOpCYyQpScvCg==
Adrian17801._,Cr+d0c2ncM12hIG9+7/4y6wTAsGpSFY4HsbySJp53fY=,tOF4pEUNCsB/juviU1jE6A==
Vincent4.299_9,kuxCW9NteCFk8P2c7pRZuGAlIJgDzKWW6yIGqHsh9Ek=,jQWEhWGk2ZxMq1r9VO6zLQ==
Winston6829.59,reGJpJc013eux1xsAzsTpHiYXU5zkrBKNaYlOaoXPzk=,yMbmD7TE60F2wM8qqCm0ag==
Julien6857_.0,+C03cEi6syO/ypnSb1OW+D/JIWZ6lDaJChNFEYHYRBw=,UQcWKukHWVV2QqTRQARhnA==
Theodore_506687,i42ugWnJr/3gYoSNGHCkCeopRfDP2Ih072LJOhSEdMM=,8qLjeaeAZTvyOWG60pD3hA==
Benson6_48.16,BVu+AWan6AU2LN3MYrzBrkObqJck9DBIXzdf0oSHGcI=,c+QhBpW6ov1gPo1oPSPRTw==
Robert6095716,WUX9eIej2qhXsKDztjc6BaFY4dZjMcERkbymnDrbPqI=,OxhxE45myRY7VlVXAVUmLw==
Rhett3575660,ZujOuCFEWLhIQLsXgb8AT2U4dLQJQ8BldTAuwaliDg0=,QeTLPYgyOB1ANU27Dxx0gw==
Khaza829.759,KwMhhioriJo7aIQtgBVw1NwBlBqXAwB8YjNII81W2C0=,faxywY9c7M6/IHAPY+IbyQ==
Zavier_8243_3,5GXSbbaA4Gml4aO2RkZCi9aYr1A3SuIZAsel83mp9Nc=,tOTFRQ2+QqimglTQ1+DI8g==
Baylor36_32_4,fsjYwzqi5B+5h9b3v80V2zPoXLVpuWZ8C9cGz/laGqE=,NK3ZlK3r4VSSTkDsYx9/PQ==
Ayaan755_935,Wq7vLLgbq3LtYZoQG9jGVWbtgjfaUlX3G3eJgUN6WEI=,2480OKQUlZ83SlgrsQHLLw==
Kaden8.23744,F6YFJtpaTzjtdAkCITC58rrzZY/wkHQakavUXb0F/C0=,E8TNL5+jgRhhgc5/jOg9hQ==
Marshall0973575,tM8hPm9gAchqeQWhgH3U+Lm0JsfYwjJgcOfLBguE03c=,Xbqn/WJCiiu5SrjdTS1lgA==
Quincy2301_.7,Pfw7IzbxZfVfi1Uz4EsXg3TEvzMLUjrM01XD3F/MVYo=,K56AQeL+AKNS/stgq680hQ==
Harlem5030434,zl+rnvKLo4c00EEpxzFzt7PPNhi2+FRWL7P7sKwfKVM=,SZLwyDLUmad/YlzPDq/G+A==
Van__06425,K+oGTjNvVYad1tJyZ9zBQpLPSR5WX0l7Oa+7hoRNZr8=,nmxZzZmxQH7QtdPPPA2PLQ==
Dakota6541.97,dhLnoU6ETxeu+I9WylKKMLXnQA69M0nV4GqJAe8v6pY=,hsOteoWwP0hhEoc5LZ+W9A==
Dane218_20_,4fp2kLKjlJqSMdBwabZlixs/EXi8PU3lhqiEreAeZrk=,UnmUYydcJC1wMbdWO5uyPA==
Zaiden003914_,4clh8yBIx8/gvsZgzYc5qqtRk6Mu8xbRkhHukBSUUnQ=,5SbXgMWCbkUXPjkL0GVFkg==
Lian6471653,T15b69qEIcqibU5HuCZYKQ2xT2o0qh21rxykGbyV1zw=,wybMKosdbx9syCKImheR3w==
Boston8878623,+8HmaoO42XISkz+aDeHOE6U5+wzh/3/GcStNwxcX71I=,3k6IpET9NyXMxJqp+c577g==
Kaizen0_084._,8Mv6xBJuVFAjmAiZa15aTnlJJ06aRyemU2ZyWajOv4Y=,ysMM5XLfqsnapHGUK073pQ==
Karter556._53,bjzwvklBbuITgYW84xlbf+ScQDpOswNxQzhSvjnz/g4=,zATnybw0Cea00v6WKt9oTg==
Alec57.2824,jrqQPB2TRgxrNr9PcO+VWChABdmlUS0fFVzgYcqDrps=,hIBc2Ql6qwW3FitQA+vy3A==
Kylan3607807,frAXwFGB/IaIpjbP7P1Xa+1kftxiV5mCn5Ja4YC4pSs=,CeyTjeYLIwgRMCmJCzx7Lg==
Jeffrey2.80.32,KEu4WN8FHPE77NWtNSZj3BtqzeRZ97sl47zd4vTSUi8=,xqqqip+B0hLm+uvhkaQhUQ==
Soren4520646,SUBpYp/me/b/bY0CeFeLF0Mp9OApGP+f8Wny9RPi0c4=,sAv1REVYc7ki/OJ397uKWg==
Abram43_1205,SdmWZj46TVysYVJVcp5vd2EDAbOvDLsCOH1NicNNnb8=,UmGOeYh3Xkqxk5JN64DPdw==
Stetson0.89948,CzpnORyWZ8taXaaXCWmDYABF1OaOyjqfUXrF4wgjl2Q=,iV4eubxkWENfDcNpizbVqw==
Wilder6_06834,65VvpUeaXnAwXEC9P1RL5FOHDVtbh9coRHLi9AThFeM=,UzSeAvxCqfrlpaDn8EFFcA==
Emilio195.8.8,2p6uxQVTOub29DLw5hPIHWrQ2VxrnrDKKnWlCALMBF4=,wZPDo0BgOTK9DFUAhg5AZg==
Saint2544678,alfjDDQCZ4O8HaS3tVcwWTUTNTOvwtRO84PIa+aGIM8=,X5MHi7gs2sZI1XVuFy49xA==
Kingston73786..,G+6LOnCYErTP8qFzUDfuxq30DOesFWH3Tp1nkzLOe1I=,/AsSBE2m5ILFEoUxybJuuw==
Loyal9_60304,JyJGFVCJ5cQniamf9RVZ88k3G8nYgx9pPk5N+GwnFvM=,ienT04VDiSVkY/sXsO8oxg==
Loyal61130_7,cFI81/IRf+aATg+rxg3A+0jBV73FGpZiWYMpdMoIgDo=,VcpF+ayGU1vYO1UjJywg1Q==
Felipe1307436,7rmc7vSDr7Aa5Prar1ztq7B1St3iOmJcxY88UbpFDm8=,+sWzLlqREFcULVKpC0qZhw==
Leroy.0761.7,pRf+5bXrfHTUT797J5GeJAtMgYKwwAsI6qb/kr9XClY=,Il7JN3/bTvs6UwY6MFvPAA==
Winston5927472,zSrmK0ckaT3MOhPVgcCMUjiIXAwiSvQdK3SQYegz9eY=,kskfKdoAsHx3YY8XVx9sLw==
Marvin77.8844,Kyv6zyTol2KO7fHP0e6tL/1k/v4XajiFdx/rDBC7J4Q=,4N+z7duOIDjQsjAHBlAzrQ==
Marvin967_83.,XlipZZuwn4UeeIh3ncp+8pVMNSoNgOEaZwKuYRNXR8s=,MHeo2WV/qyJHo15DyMm6sA==
Ocean3263053,Dpv9CcMgUZptgQ3gnVc8lRStx0LWxdNPgr6In+xxlCQ=,Bf0HyNFiFlcEZWVWoJbdLQ==
Grey7916021,2XqTj/XnOCxiLF7f9xTViNg8TUrwsW3Dp67AoyEBI3Y=,RQ5JjyT7Gi6nCchQnroA/w==
Mauricio374.899,k+iGRGl0tlzrdHnI+9UH2tR67DwXsajSeQhqOxooIlc=,7dml/nPWsUPnteaOGgKe7Q==
Derek140276_,woznm60ZEa70Fqy0UPPH2MLuqbJU1EjH5ELcfjZwkpQ=,AKevzo2yqqrmJfza4G5TZQ==
Reign3516.83,hs0qvt8uQcOvJCbNkqp0Q7PQ1jFrOtQPPgmZjigi7x0=,JFRgSK+dfAKUS+61rnmuUg==
Khalid75_._66,dIMIQkjkw8U153i+eXeQJIFp8z/DLKOR85hT85NwH4g=,cvfdrP6dP5SRIq6UBVFCow==
Trenton12687.5,wwXDj+vI4ULk+nW5aCXX30fJNl0XdvSlmR2CYqVrYEY=,qng9iuaQ2vaDbGbIuSujSg==
Kieran893177.,4rcXqSFhMYmThNmJcJGgiPOUQFY2w8sgp94R2cEdD0A=,te/a//CtW+bgTepQ8H9ajg==
Justin57_2008,E7Zfcvdyo7G8hEUtNz4mxztl3Sj4ReC4Y7FKnriTihc=,YjVwKf/26rPyUUzl1hv3vw==
Kaiden22124.3,kownSaGbUjWFD3fOZOhejO3+19vEz4UyoDeOED6ztII=,4FMSjqGNJO0qL0/MCuoy7w==
Rowen_032962,RmtD9bpcIaFIQpSPGoIHn7e2yBZFbT4zCjCtqKjXSp4=,PgZ+ghiJz4nQ0SfGx/Db9w==
Colin9202__.,4TPlt5iXYosN4Kun/IDmM/nrdVdjv1BlsQac/U1GwUQ=,Fr59nTp3xhN3RKh5WutTew==
Royal9734413,+Y+lAauA/P8XgcAydx4bLkjgR12Vd1f/KKX2mGVOV+g=,aBuLQQZy4yShVOc55L9uGw==
Daniel090284_,scGJODxHH/d9s5Hm7cL/0eQxoYb5yMBLzqhzA6SB7MA=,8ncr3vvncXTOo3gAAK3Vug==
Braylon3.645_9,SciVRW2tkgN6iNDSsJoWxB7i1ICeFsxwxFEC1exviTE=,hKhMRsR5f5Qhrw901TQPjQ==
Jeremy.318245,IoqoUeelZw40mwF1FyP+yKPYUVJpPPOxw8igX/YD0uk=,9XPTjzHALdGvy6TRYXyUFA==
Malcolm22953.6,Npa8nsnPuzZNppJZ7rLncfxuPHsPSSznVUGpLy4SEKM=,m+XPZ8kVS/3ySIRPQ1i4XQ==
Alessandro1866266,welXRQQRDCFJ/+gMDDm7PCKRPrRDGV3tSNIfNNrrKi0=,gK68ME9Njk/JSX2HzCQayg==
Cullen7513306,hAZgy4dgU7WCLzAAcWuXJxN07ahu8RoO3prnJMYbgw8=,aVbGo5gz4mpZoTeQJoAw3w==
Caspian19344.2,QRU+0U3oJNIqCx7RUXONf1IwQg/inSFoAv45DXBuH4Q=,BYHBmVXqJSdooSQKLs1YIQ==
Rowen18_02_0,wsxiQEP82grdeCJzr1ihRD/9PwErYkkdBqlghDP68II=,SelmNv5LJ4IWe3CxbvNGuQ==
Maximilian614279_,JNF12NNX+Lpnde6WmCw2gi0MH2UNdaQDQIBR4UqEETo=,SUqNYsBZPiGq82NhYRqyLw==
Ahmad744.034,PySkzWqdHHJABEqqKQTMDDE2rv15FRjWhG1lGXmUs08=,5rxy4tRUAnUjPaqV34QtKQ==
Darius5460412,JDlCIDii73UTV8WznFPWZI7P83VL2ZrzyAvSQQLhjX0=,vP7wJsumrgpRR33di7BsGA==
Ezekiel0781498,fens3YjcoJJSV1H8dW1xBt2xpq34mvgd3WW3vaAnGig=,S7oV7N44bL4BbOxwVEZhAg==
Kalel447_671,NXb1LYk0b82ajFLjnpK0ROM9WWYsewXY32ePdo80WDw=,5DM4vtIGfEEVvtFtsf/GbA==
Mark4568.41,IQf+IDVWc2Tf3Ik095O3c3ohSsrCH6tYJn2YqvshhCQ=,WN3mPkJl6Y2LoXGZeCcMrw==
Brooks3.49669,ghhWqePwQwcaQ55Ufr2IGQDUUgd83wyKm0ra0UxjGOg=,3nEVaHVkEQMA4/GjYUhH2w==
Emmitt34_1121,CGX6ryJYoXNo2b6/HQDiIgCIZgf1cR8y3S7T6c/4PzI=,7vOL1MocTleEcsrN1DXFwQ==
Abraham9.57859,0CHupqLm4cGZRq+ayo0szEXGZ2rO9LYNfFVGw5SPxxY=,pzE8iukRsYQ9iELIKrqgqg==
John836.039,Fr298HWI9wlA2Oh8Gb1nOGA7lIxdkbowCYJv+Yp/XYU=,2aZUNI3a3ZWaNRqCdPYlmg==
Isaac0207477,vjbOAi2S5/B3VWo/BBxKgVsAsYuq+TCjuxKB7uuy2Mg=,0VwsVKDPH5OUylPNM8DaLg==
Cannon.411182,8mH3rfL4SLwpuuqp9wMAgUONsDAmYNgUMUSbFQow22o=,FlAp/9fWVyh/35ryMPDxMA==
Frank__72275,xg8OH7owLEBfO9zTbGYuhia5xKxh2CXPXs55IOO/+Cc=,3Ph+vG27NAGyeGihomItBA==
Koda86.8.35,Z83QBGuRJ1VbPakFGRUpNe8fu29wacft+YyZW0SZRGY=,UhAEiplR+R2vTYg9+BWEfA==
Davis_274945,8+pOhs83yA/CUB4TPOJt+iyXhj+jnCmdfpDU8IavSas=,esw6F8W2y9FBT1xY8Ne3RA==
Sullivan28122_3,h2Bglle+2vDAbT3w3//t8Ipb4NTdzEi37eO1y3q+Rmc=,3JugO7ynPJbGdVpX0CVW4Q==
Nash18.3382,eO9vEzW31RmVgjWA7W86z70T3aGTNRMq3VbeTUxbxUg=,/yS86wLIh2tsZmeRZ1rt2Q==
Dangelo1623.17,XQb1wAPw3V/pQrN684WP1IU3AeJoN3wFxWFkapvHxqs=,3hltdwDyRbY/db6rbUj5Aw==
Andre32586_4,Fmt2s1G6yYhfgiJLe2LaoY1ZJ//RHw1WZB+fjS4zQ8U=,C5XN2Adq0jQz48zUOHRW4g==
Imran6_63345,Ldq5tfKPlZGZGWMWEz3d6im1nwPfGYENy3Sizd3OpEQ=,1hNEgzaxSsjEY1NcKstLvQ==
Stanley.599777,z8OGSeDk2iu4jjBJd3RhUCVc/RJtUSAtGx1cQcf7yTY=,LmXjZC+r6S8jhuupXh+HgA==
Julius..06_37,S86GYV6L54nKY7i0TTc5+iyElywGvH1QQzmpGtNtxcI=,kMDf4omkqb74I/0KVgs1xw==
Zaid388.980,Gwrx8ytXQ+eZ3mauCqsz4nTLKwQNUqkOfKIWB5XvRsM=,HqPYNZDMuiZ7TYkuPnaEPw==
bill xd,WBF95kqf81dHjSUGurLCHJzLpigNmLb5xVNu6oK4xW0=,tLf8qrSfU2iMBqWIt+ldAw==
billxdddddd,vNLpdMwUW6xlQbfhxdyMHQ/ZpeF7an2Y4b3d/is9MpA=,e7rU24k7NljI89rZBD6oGw==
bill2,Z9H6UbMFfTVADGS3YhL6E19RFGQwzzNKvLEpkaZ1/oQ=,3BrRh0hD/jkW9etFg3HABQ==
